記号,検索ワード,10進法,16進法
🩷,ピンクのハート heart 恋 愛 好き,&#129655;,&#x1FA77;
❤️,赤色のハート heart 恋 愛 好き,&#10084;&#65039;,&#x2764;&#xFE0F;
🧡,オレンジ色のハート heart 恋 愛 好き,&#129505;,&#x1F9E1;
💛,黄色のハート heart 恋 愛 好き,&#128155;,&#x1F49B;
💚,緑のハート heart 恋 愛 好き,&#128154;,&#x1F49A;
🩵,ライトブルーのハート heart 恋 愛 好き,&#129653;,&#x1FA75;
💙,青のハート heart 恋 愛 好き,&#128153;,&#x1F499;
💜,紫のハート heart 恋 愛 好き,&#128156;,&#x1F49C;
🖤,黒いハート heart 恋 愛 好き,&#128420;,&#x1F5A4;
🩶,グレーのハート heart 恋 愛 好き,&#129654;,&#x1FA76;
🤍,白のハート heart 恋 愛 好き,&#129293;,&#x1F90D;
🤎,茶色のハート heart 恋 愛 好き,&#129294;,&#x1F90E;
💔,割れたハート heart 恋 愛 好き,&#128148;,&#x1F494;
❤️‍🔥,燃えているハート heart 恋 愛 好き,&#10084;&#65039;&#8205;&#128293;,&#x2764;&#xFE0F;&#x200D;&#x1F525;
❤️‍🩹,手当しているハート heart 恋 愛 好き,&#10084;&#65039;&#8205;&#128293;,&#x2764;&#xFE0F;&#x200D;&#129657;
❣️,ハートのビックリマーク heart 恋 愛 好き,&#10083;&#65039;,&#x2763;&#xFE0F;
💕,2つのハート heart 恋 愛 好き,&#129294;,&#x1F495;
💞,回転するハート heart 恋 愛 好き,&#128158;,&#x1F49E;
💓,鼓動するハート heart 恋 愛 好き,&#128147;,&#x1F493;
💗,光るハート heart 恋 愛 好き,&#128151;,&#x1F497;
💖,きらめくハート heart 恋 愛 好き,&#128150;,&#x1F496;
💘,射抜かれたハート heart 恋 愛 好き,&#128152;,&#x1F498;
💝,リボン付きのハート heart 恋 愛 好き,&#128157;,&#x1F49D;
💟,ハートのデコレーション heart 恋 愛 好き,&#128159;,&#x1F49F;
☮️,ピースマーク,&#9774;&#65039;,&#x262E;&#xFE0F;
✝️,ラテン十字,&#10013;&#65039;,&#x271D;&#xFE0F;
☪️,星と三日月 star ほし,&#9770;&#65039;,&#x262A;&#xFE0F;
🕉️,オームマーク,&#128329;&#65039;,&#x1F549;&#xFE0F;
☸️,法輪,&#9784;&#65039;,&#x2638;&#xFE0F;
🪯,カンダ,&#129711;,&#x1FAAF;
✡️,ダビデの星 star ほし,&#10017;&#65039;,&#x2721;&#xFE0F;
🔯,六芒星 star ほし,&#128303;,&#x1F52F;
🕎,ハヌッキーヤー,&#128334;,&#x1F54E;
☯️,陰陽,&#9775;&#65039;,&#x262F;&#xFE0F;
☦️,八端十字架,&#9766;&#65039;,&#x2626;&#xFE0F;
🛐,礼拝所,&#128720;,&#x1F6D0;
⛎,へびつかい座 蛇遣座 オフィウカス Ophiuchus,&#9934;,&#x26CE;
♈,おひつじ座 牡羊座 アリエス Aries,&#9800;,&#x2648;
♉,おうし座 牡牛座 アルデバラン タウラス Taurus,&#9801;,&#x2649;
♊,ふたご座 双子座 ジェミニ Gemini,&#9802;,&#x264A;
♋,ガン,&#9803;,&#x264B;
♌,しし座 獅子座 レオ Leo,&#9804;,&#x264C;
♍,おとめ座 乙女座 バルゴ Virgo,&#9805;,&#x264D;
♎,てんびん座 天秤座 リブラ Libra,&#9806;,&#x264E;
♏,さそり座 蠍座 スコーピオン Scorpio,&#9807;,&#x264F;
♐,いて座 射手座 サジタリウス Sagittarius,&#9808;,&#x2650;
♑,やぎ座 山羊座 カプリコーン Capricorn,&#9809;,&#x2651;
♒,みずがめ座 水瓶座 アクエリアス Aquarius,&#9810;,&#x2652;
♓,うお座 魚座 ピスケス Pisces,&#9811;,&#x2653;
🆔,四角囲みID,&#127380;,&#x1F194;
⚛️,元素記号,&#9883;&#65039;,&#x269B;&#xFE0F;
🉑,丸囲み許可,&#127569;,&#x1F251;
☢️,放射能標識,&#9762;&#65039;,&#x2622;&#xFE0F;
☣️,バイオハザード標識,&#9763;&#65039;,&#x2623;&#xFE0F;
📴,携帯電話電源オフ,&#128244;,&#x1F4F4;
📳,マナーモード,&#128243;,&#x1F4F3;
🈶,四角囲み有,&#127542;,&#x1F236;
🈚,四角囲み無,&#127514;,&#x1F21A;
🈸,四角囲み申,&#127544;,&#x1F238;
🈺,四角囲み営,&#127546;,&#x1F23A;
🈷️,四角囲み月,&#128243;&#65039;,&#x1F237;&#xFE0F;
✴️,八稜星 star ほし,&#10036;&#65039;,&#x2734;&#xFE0F;
🆚,四角囲みVS,&#127386;,&#x1F19A;
💮,白い花,&#128174;,&#x1F4AE;
🉐,丸囲み得,&#127568;,&#x1F250;
㊙️,丸囲み秘,&#12953;&#65039;,&#x3299;&#xFE0F;
㊗️,丸囲み祝,&#12951;&#65039;,&#x3297;&#xFE0F;
🈴,四角囲みの合,&#127540;,&#x1F234;
🈵,四角囲み満,&#127541;,&#x1F235;
🈹,四角囲み割,&#127545;,&#x1F239;
🈲,四角囲み禁,&#127538;,&#x1F232;
🅰️,黒四角囲みA,&#127344;&#65039;,&#x1F170;&#xFE0F;
🅱️,黒四角囲みB,&#127345;&#65039;,&#x1F171;&#xFE0F;
🆎,黒四角囲みAB,&#127374;,&#x1F18E;
🆑,四角囲みCL,&#127377;,&#x1F191;
🅾️,黒四角囲みO,&#127344;&#65039;,&#x1F17E;&#xFE0F;
🆘,四角囲みSOS,&#127384;,&#x1F198;
❌,バツ印,&#10060;,&#x274C;
⭕,太い大きな丸,&#11093;,&#x2B55;
♏,さそり座 蠍座 スコーピオン Scorpio,&#9807;,&#x264F;
♐,いて座 射手座 サジタリウス Sagittarius,&#9808;,&#x2650;
♑,やぎ座 山羊座 カプリコーン Capricorn,&#9809;,&#x2651;
♒,みずがめ座 水瓶座 アクエリアス Aquarius,&#9810;,&#x2652;
♓,うお座 魚座 ピスケス Pisces,&#9811;,&#x2653;
🆔,四角囲みID,&#127380;,&#x1F194;
⚛️,元素記号,&#9883;&#65039;,&#x269B;&#xFE0F;
🉑,丸囲み許可,&#127569;,&#x1F251;
☢️,放射能標識,&#9762;&#65039;,&#x2622;&#xFE0F;
☣️,バイオハザード標識,&#9763;&#65039;,&#x2623;&#xFE0F;
📴,携帯電話電源オフ,&#128244;,&#x1F4F4;
📳,マナーモード,&#128243;,&#x1F4F3;
🈶,四角囲み有,&#127542;,&#x1F236;
🈚,四角囲み無,&#127514;,&#x1F21A;
🈸,四角囲み申,&#127544;,&#x1F238;
🈺,四角囲み営,&#127546;,&#x1F23A;
🈷️,四角囲み月,&#128243;&#65039;,&#x1F237;&#xFE0F;
✴️,八稜星 star ほし,&#10036;&#65039;,&#x2734;&#xFE0F;
🆚,四角囲みVS,&#127386;,&#x1F19A;
💮,白い花,&#128174;,&#x1F4AE;
🉐,丸囲み得,&#127568;,&#x1F250;
㊙️,丸囲み秘,&#12953;&#65039;,&#x3299;&#xFE0F;
㊗️,丸囲み祝,&#12951;&#65039;,&#x3297;&#xFE0F;
🈴,四角囲みの合,&#127540;,&#x1F234;
🈵,四角囲み満,&#127541;,&#x1F235;
🈹,四角囲み割,&#127545;,&#x1F239;
🈲,四角囲み禁,&#127538;,&#x1F232;
🅰️,黒四角囲みA,&#127344;&#65039;,&#x1F170;&#xFE0F;
🅱️,黒四角囲みB,&#127345;&#65039;,&#x1F171;&#xFE0F;
🆎,黒四角囲みAB,&#127374;,&#x1F18E;
🆑,四角囲みCL,&#127377;,&#x1F191;
🅾️,黒四角囲みO,&#127344;&#65039;,&#x1F17E;&#xFE0F;
🆘,四角囲みSOS,&#127384;,&#x1F198;
❌,バツ印,&#10060;,&#x274C;
⭕,太い大きな丸,&#11093;,&#x2B55;
🛑,一時停止標識,&#128721;,&#x1F6D1;
⛔,立入禁止,&#9940;,&#x26D4;
📛,名札,&#128219;,&#x1F4DB;
🚫,進入禁止,&#128683;,&#x1F6AB;
💯,100点,&#128175;,&#x1F4AF;
💢,怒りマーク,&#128162;,&#x1F4A2;
♨️,温泉,&#9832;&#65039;,&#x2668;&#xFE0F;
🚷,歩行者立入禁止,&#128695;,&#x1F6B7;
🚯,ポイ捨て禁止,&#128687;,&#x1F6AF;
🚳,自転車禁止,&#128691;,&#x1F6B3;
🚱,飲用不可,&#128689;,&#x1F6B1;
🔞,18歳未満禁止,&#128286;,&#x1F51E;
📵,携帯電話禁止,&#128245;,&#x1F4F5;
🚭,禁煙,&#128685;,&#x1F6AD;
❗,赤いビックリマーク,&#10071;,&#x2757;
❕,白いビックリマーク,&#128689;,&#x2755;
❓,赤いはてなマーク,&#10067;,&#x2753;
❔,白いはてなマーク,&#10068;,&#x2754;
‼️,!!マーク,&#8252;&#65039;,&#x203C;&#xFE0F;
⁉️,!?,&#8265;&#65039;,&#x2049;&#xFE0F;
🔅,低輝度,&#128261;,&#x1F505;
🔆,高輝度,&#128262;,&#x1F506;
〽️,庵点,&#12349;&#65039;,&#x303D;&#xFE0F;
⚠️,警告,&#9888;&#65039;,&#x26A0;&#xFE0F;
🚸,交差点を渡る子供たち,&#8265;,&#x1F6B8;
🔱,トライデント,&#128305;,&#x1F531;
⚜️,ユリの紋章,&#9884;&#65039;,&#x269C;&#xFE0F;
🔰,初心者マーク,&#128304;,&#x1F530;
♻️,リサイクルマーク,&#9851;&#65039;,&#x267B;&#xFE0F;
✅,白い太字のチェックマーク check 完了 OK,&#9989;,&#x2705;
🈯,四角囲み指,&#127535;,&#x1F22F;
💹,上昇トレンドのチャートと円記号,&#128185;,&#x1F4B9;
❇️,キラキラ,&#10055;&#65039;,&#x2747;&#xFE0F;
✳️,アスタリスク（8本構成）,&#10035;&#65039;,&#x2733;&#xFE0F;
❎,四角で囲まれたバツ印,&#10062;,&#x274E;
🌐,子午線・経線のある地球,&#127760;,&#x1F310;
💠,ドット模様のダイヤ,&#128160;,&#x1F4A0;
Ⓜ️,地下鉄（Metro）,&#9410;&#65039;,&#x24C2;&#xFE0F;
🌀,サイクロン,&#127744;,&#x1F300;
💤,睡眠,&#128164;,&#x1F4A4;
🏧,ATM,&#127975;,&#x1F3E7;
🚾,トイレ,&#128702;,&#x1F6BE;
♿,車いす,&#9855;,&#x267F;
🅿️,黒四角囲みP,&#127359;&#65039;,&#x1F17F;&#xFE0F;
🛗,エレベーター,&#128727;,&#x1F6D7;
🈳,四角囲み空,&#127539;,&#x1F233;
🈂️,四角囲みサ,&#127490;&#65039;,&#x1F202;&#xFE0F;
🛂,入国審査,&#128706;,&#x1F6C2;
🛃,税関,&#128707;,&#x1F6C3;
🛄,手荷物受取所,&#128708;,&#x1F6C4;
🛅,手荷物預かり所,&#128709;,&#x1F6C5;
🛜,無線,&#128732;,&#x1F6DC;
🚹,男性の記号,&#128697;,&#x1F6B9;
🚺,女性の記号,&#128698;,&#x1F6BA;
🚼,赤ちゃんマーク,&#128700;,&#x1F6BC;
⚧️,トランスジェンダーサイン,&#9895;&#65039;,&#x26A7;&#xFE0F;
🚻,トイレ,&#128699;,&#x1F6BB;
🚮,ゴミ捨て場,&#128686;,&#x1F6AE;
🎦,映画,&#127910;,&#x1F3A6;
📶,アンテナ,&#128246;,&#x1F4F6;
🈁,四角囲みココ,&#127489;,&#x1F201;
🔣,記号入力,&#128291;,&#x1F523;
ℹ️,情報源,&#8505;&#65039;,&#x2139;&#xFE0F;
🔤,アルファベット入力,&#128292;,&#x1F524;
🔡,アルファベット小文字入力,&#128289;,&#x1F521;
🔠,アルファベット大文字入力,&#128288;,&#x1F520;
🆖,四角囲みNG,&#127382;,&#x1F196;
🆗,四角囲みOK,&#127383;,&#x1F197;
🆙,四角囲みUP!,&#127385;,&#x1F199;
🆒,COOL,&#127378;,&#x1F192;
🆕,四角囲みnew,&#127381;,&#x1F195;
🆓,四角囲みFREE,&#127379;,&#x1F193;
0️⃣,0キー,&#48;&#65039;&#8419;,&#x30;&#xFE0F;&#x20E3;
1️⃣,1キー,&#49;&#65039;&#8419;,&#x31;&#xFE0F;&#x20E3;
2️⃣,2キー,&#50;&#65039;&#8419;,&#x32;&#xFE0F;&#x20E3;
3️⃣,3キー,&#51;&#65039;&#8419;,&#x33;&#xFE0F;&#x20E3;
4️⃣,4キー,&#52;&#65039;&#8419;,&#x34;&#xFE0F;&#x20E3;
5️⃣,5キー,&#53;&#65039;&#8419;,&#x35;&#xFE0F;&#x20E3;
6️⃣,6キー,&#54;&#65039;&#8419;,&#x36;&#xFE0F;&#x20E3;
7️⃣,7キー,&#55;&#65039;&#8419;,&#x37;&#xFE0F;&#x20E3;
8️⃣,8キー,&#56;&#65039;&#8419;,&#x38;&#xFE0F;&#x20E3;
⏏️,取り出しキー,&#9167;&#65039;,&#x23CF;&#xFE0F;
▶️,右向き三角,&#9654;&#65039;,&#x25B6;&#xFE0F;
⏸️,2本の垂直バー,&#9208;&#65039;,&#x23F8;&#xFE0F;
⏯️,右向きの三角形と二本垂直棒,&#9199;&#65039;,&#x23EF;&#xFE0F;
⏹️,停止,&#9209;&#65039;,&#x23F9;&#xFE0F;
⏺️,録画,&#9210;&#65039;,&#x23FA;&#xFE0F;
⏭️,右向きの二重三角形と垂直棒,&#9197;&#65039;,&#x23ED;&#xFE0F;
⏮️,左向きの二重三角形と垂直棒,&#9198;&#65039;,&#x23EE;&#xFE0F;
⏩,右向きの二重三角形,&#9193;,&#x23E9;
⏪,左向きの二重三角形,&#9194;,&#x23EA;
⏫,上向きの二重三角形,&#9195;,&#x23EB;
⏬,下向きの二重三角形,&#9196;,&#x23EC;
◀️,左向きの三角形,&#9664;&#65039;,&#x25C0;&#xFE0F;
🔼,上向きの三角形,&#128316;,&#x1F53C;
🔽,下向きの三角形,&#128317;,&#x1F53D;
➡️,右向き矢印,&#10145;&#65039;,&#x27A1;&#xFE0F;
⬅️,左向き矢印,&#11013;&#65039;,&#x2B05;&#xFE0F;
⬆️,上向き矢印,&#11014;&#65039;,&#x2B06;&#xFE0F;
⬇️,下向き矢印,&#11015;&#65039;,&#x2B07;&#xFE0F;
↗️,右上矢印,&#8599;&#65039;,&#x2197;&#xFE0F;
↘️,右下矢印,&#8600;&#65039;,&#x2198;&#xFE0F;
↙️,左下矢印,&#8601;&#65039;,&#x2199;&#xFE0F;
↖️,左上矢印,&#8598;&#65039;,&#x2196;&#xFE0F;
↕️,上下矢印,&#8597;&#65039;,&#x2195;&#xFE0F;
↔️,左右矢印,&#8596;&#65039;,&#x2194;&#xFE0F;
↪️,右向き段付き矢印,&#8618;&#65039;,&#x21AA;&#xFE0F;
↩️,左向き段付き矢印,&#8617;&#65039;,&#x21A9;&#xFE0F;
⤴️,右上へカーブする矢印,&#10548;&#65039;,&#x2934;&#xFE0F;
⤵️,右下へカーブする矢印,&#x2935;&#65039;,&#x2935;&#xFE0F;
🔀,ねじり右向き矢印の絵文字,&#128256;,&#x1F500;
🔁,リピート,&#128257;,&#x1F501;
🔂,1曲をリピート再生,&#128258;,&#x1F502;
🔄,うずまき矢印,&#128260;,&#x1F504;
🔃,ループ矢印,&#128259;,&#x1F503;
🎵,音符,&#127925;,&#x1F3B5;
🎶,複数の音符,&#127926;,&#x1F3B6;
➕,太字の+記号,&#10133;,&#x2795;
➖,太字のマイナス記号,&#10134;,&#x2796;
➗,太字の÷記号,&#10135;,&#x2797;
✖️,太字の×記号,&#10006;&#65039;,&#x2716;&#xFE0F;
🟰,太い等号,&#129008;,&#x1F7F0;
♾️,無限,&#9854;&#65039;,&#x267E;&#xFE0F;
💲,太字のドル記号,&#128178;,&#x1F4B2;
💱,外貨両替,&#128177;,&#x1F4B1;
™️,商標マーク,&#8482;&#65039;,&#x2122;&#xFE0F;
©️,コピーライトマーク,&#169;&#65039;,&#xA9;&#xFE0F;
®️,登録商標マーク,&#174;&#65039;,&#xAE;&#xFE0F;
👁️‍🗨️,吹き出しの目,&#128065;&#65039;&#8205;&#128488;&#65039;,&#x1F441;&#xFE0F;&#x200D;&#x1F5E8;&#xFE0F;
🔚,ENDと左矢印,&#128282;,&#x1F51A;
🔙,BACKと左矢印,&#128281;,&#x1F519;
🔛,ON!と左右矢印,&#128283;,&#x1F51B;
🔝,TOPと上矢印,&#128285;,&#x1F51D;
🔜,SOONと右矢印,&#128284;,&#x1F51C;
〰️,波線,&#12336;&#65039;,&#x3030;&#xFE0F;
➰,カール状のループ,&#10160;,&#x27B0;
➿,二重のカール状のループ,&#10175;,&#x27BF;
✔️,太字のチェックマーク check 完了 OK,&#10004;&#65039;,&#x2714;&#xFE0F;
☑️,チェック入りチェックボックス check 完了 OK,&#9745;&#65039;,&#x2611;&#xFE0F;
🔘,ラジオボタン,&#128280;,&#x1F518;
🔴,赤丸,&#128308;,&#x1F534;
🟠,オレンジ色の円,&#128992;,&#x1F7E0;
🟡,黄色の丸,&#128993;,&#x1F7E1;
🟢,緑丸,&#128994;,&#x1F7E2;
🔵,青丸,&#128309;,&#x1F535;
🟣,紫の丸,&#128995;,&#x1F7E3;
⚫,黒丸,&#9899;,&#x26AB;
⚪,白丸,&#9898;,&#x26AA;
🟤,茶色の丸,&#128996;,&#x1F7E4;
🔺,上向きの赤い三角形,&#128314;,&#x1F53A;
🔻,下向きの三角形,&#128315;,&#x1F53B;
🔸,小さいオレンジのダイヤモンド,&#128312;,&#x1F538;
🔹,小さくて青いダイヤモンド,&#128313;,&#x1F539;
🔶,大きいオレンジのダイヤ,&#128310;,&#x1F536;
🔷,大きくて青いダイヤモンド,&#128311;,&#x1F537;
🔳,白い四角ボタン,&#128307;,&#x1F533;
🔲,黒い四角ボタン,&#128306;,&#x1F532;
▪️,黒い小さな四角,&#9642;&#65039;,&#x25AA;&#xFE0F;
▫️,白い小さな四角,&#9643;&#65039;,&#x25AB;&#xFE0F;
◾,黒くて中くらいの小さい四角,&#9726;,&#x25FE;
◽,白い中くらいの小さな四角,&#9725;,&#x25FD;
◼️,黒い中くらいの四角,&#9724;&#65039;,&#x25FC;&#xFE0F;
◻️,白くて中くらいの四角,&#9723;&#65039;,&#x25FB;&#xFE0F;
🟥,赤の正方形,&#128997;,&#x1F7E5;
🟧,オレンジ色の正方形,&#128999;,&#x1F7E7;
🟨,黄色の正方形,&#129000;,&#x1F7E8;
🟩,緑の正方形,&#129001;,&#x1F7E9;
🟦,青の正方形,&#128998;,&#x1F7E6;
🟪,紫の正方形,&#129002;,&#x1F7EA;
⬛,黒い大きな四角,&#11035;,&#x2B1B;
⬜,白い大きな四角,&#11036;,&#x2B1C;
🟫,茶色の正方形,&#129003;,&#x1F7EB;
🔈,スピーカー,&#128264;,&#x1F508;
🔇,無音のスピーカー,&#128263;,&#x1F507;
🔉,音量小,&#128265;,&#x1F509;
🔊,音量大,&#128266;,&#x1F50A;
🔔,ベル,&#128276;,&#x1F514;
🔕,ミュート,&#128277;,&#x1F515;
📣,メガホン,&#128227;,&#x1F4E3;
📢,拡声器,&#128226;,&#x1F4E2;
💬,吹き出し,&#128172;,&#x1F4AC;
💭,考え吹き出し,&#128173;,&#x1F4AD;
🗯️,右向きの怒りの吹き出し,&#128495;&#65039;,&#x1F5EF;&#xFE0F;
♠️,トランプのスペード,&#9824;&#65039;,&#x2660;&#xFE0F;
♣️,トランプのクラブ,&#9827;&#65039;,&#x2663;&#xFE0F;
♥️,トランプのハート heart 恋 愛 好き,&#9829;&#65039;,&#x2665;&#xFE0F;
♦️,トランプのダイヤ,&#9830;&#65039;,&#x2666;&#xFE0F;
🃏,トランプのジョーカー,&#127183;,&#x1F0CF;
🎴,花札,&#127924;,&#x1F3B4;
🀄,麻雀牌の中,&#126980;,&#x1F004;
🕐,1時,&#128336;,&#x1F550;
🕑,2時,&#128337;,&#x1F551;
🕒,3時,&#128338;,&#x1F552;
🕓,4時,&#128339;,&#x1F553;
🕔,5時,&#128340;,&#x1F554;
🕕,6時,&#128341;,&#x1F555;
🕖,7時,&#128342;,&#x1F556;
🕗,8時,&#128343;,&#x1F557;
🕘,9時,&#128344;,&#x1F558;
🕙,10時,&#128345;,&#x1F559;
🕚,11時,&#128346;,&#x1F55A;
🕛,12時,&#128347;,&#x1F55B;
🕜,1時半,&#128348;,&#x1F55C;
🕝,2時半,&#128349;,&#x1F55D;
🕞,3時半,&#128350;,&#x1F55E;
🕟,4時半,&#128351;,&#x1F55F;
🕠,5時半,&#128352;,&#x1F560;
🕡,6時半,&#128353;,&#x1F561;
🕢,7時半,&#128354;,&#x1F562;
🕣,8時半,&#128355;,&#x1F563;
🕤,9時半,&#128356;,&#x1F564;
🕥,10時半,&#128357;,&#x1F565;
🕦,11時半,&#128358;,&#x1F566;
🕧,12時半,&#128359;,&#x1F567;
😀,にやにやした顔,&#128512;,&#x1F600;
😃,口を開けた笑顔,&#128515;,&#x1F603;
😄,口を開けて目が笑っている顔,&#128516;,&#x1F604;
😁,にやにやした顔,&#128513;,&#x1F601;
😆,口を開けて笑っている顔,&#128518;,&#x1F606;
🥹,涙をこらえている顔,&#129401;,&#x1F979;
😅,口を開けて冷や汗をかいた顔,&#128517;,&#x1F605;
😂,嬉し泣き,&#128514;,&#x1F602;
🤣,大爆笑,&#129315;,&#x1F923;
🥲,涙の出ている笑顔,&#129394;,&#x1F972;
☺,笑顔,&#9786;,&#x263A;
😊,目が笑っている笑顔,&#128522;,&#x1F60A;
😇,天使の笑顔,&#128519;,&#x1F607;
🙂,微笑み,&#128578;,&#x1F642;
🙃,逆さの顔,&#128579;,&#x1F643;
😉,ウインクした顔,&#128521;,&#x1F609;
😌,ほっとした顔,&#128524;,&#x1F60C;
😍,目がハートの笑顔 heart 恋 愛 好き,&#128525;,&#x1F60D;
🥰,笑顔とハート3つ heart 恋 愛 好き,&#129392;,&#x1F970;
😘,投げキッス,&#128536;,&#x1F618;
😗,キスをする顔,&#128535;,&#x1F617;
😙,笑顔でキス,&#128537;,&#x1F619;
😚,目を閉じてキスをする顔,&#128538;,&#x1F61A;
😋,食べ物を味わう顔,&#128523;,&#x1F60B;
😛,舌を出している顔,&#128539;,&#x1F61B;
😝,舌を出して目を細めている顔,&#128541;,&#x1F61D;
😜,舌を出してウインクしている顔,&#128540;,&#x1F61C;
🤪,おどけた顔,&#129322;,&#x1F92A;
🤨,眉が上がっている顔,&#129320;,&#x1F928;
🧐,片メガネをかけた顔,&#129488;,&#x1F9D0;
🤓,オタク,&#129299;,&#x1F913;
😎,サングラスをかけた顔,&#128526;,&#x1F60E;
🥸,仮装した顔,&#129400;,&#x1F978;
🤩,スターに夢中 star ほし,&#129321;,&#x1F929;
🥳,パーティーフェイス,&#129395;,&#x1F973;
😏,にやにやした顔,&#128527;,&#x1F60F;
😒,面白くなさそうな顔,&#128530;,&#x1F612;
😞,がっかりした顔,&#128542;,&#x1F61E;
😔,悲しげな顔,&#128532;,&#x1F614;
😟,不安な顔,&#128543;,&#x1F61F;
😕,困った顔,&#128533;,&#x1F615;
🙁,ご機嫌斜め,&#128577;,&#x1F641;
☹,しかめっつら,&#9785;,&#x2639;
😣,我慢している顔,&#128547;,&#x1F623;
😖,うろたえた顔,&#128534;,&#x1F616;
😫,疲れた顔,&#128555;,&#x1F62B;
😩,うんざりしている顔,&#128553;,&#x1F629;
🥺,訴えかける顔,&#129402;,&#x1F97A;
😢,泣き顔,&#128546;,&#x1F622;
😭,号泣,&#128557;,&#x1F62D;
😤,勝ち誇った顔,&#128548;,&#x1F624;
😠,怒った顔,&#128544;,&#x1F620;
😡,ふくれ顔,&#128545;,&#x1F621;
🤬,口が記号で覆われた顔,&#129324;,&#x1F92C;
🤯,爆発した顔 bomb 爆弾 どかーん,&#129327;,&#x1F92F;
😳,赤くなった顔,&#128563;,&#x1F633;
🥵,ほてった顔,&#129397;,&#x1F975;
🥶,青ざめた顔,&#129398;,&#x1F976;
😶‍🌫️,雲で覆われた顔,&#128566;&#8205;&#127787;&#65039;,&#x1F636;
😱,絶叫した顔,&#128561;,&#x1F631;
😨,ゾッとしている顔,&#128552;,&#x1F628;
😰,口を開けて冷や汗をかいた顔,&#128560;,&#x1F630;
😥,がっかりしたが安心した顔,&#128549;,&#x1F625;
😓,冷や汗をかいている顔,&#128531;,&#x1F613;
🤗,ハグする顔,&#129303;,&#x1F917;
🤔,考えている顔,&#129300;,&#x1F914;
🫣,のぞき見している顔,&#129763;,&#x1FAE3;
🤭,口を手で覆った顔,&#129325;,&#x1F92D;
🫢,目を開いて口を手で覆った顔,&#129762;,&#x1FAE2;
🫡,敬礼している顔,&#129761;,&#x1FAE1;
🤫,シッと言っている顔,&#129323;,&#x1F92B;
🫠,ほろりとした顔,&#129760;,&#x1FAE0;
🤥,嘘つき顔,&#129317;,&#x1F925;
😶,口のない顔,&#128566;,&#x1F636;
🫥,点線の顔,&#129765;,&#x1FAE5;
😐,普通の顔,&#128528;,&#x1F610;
🫤,口が斜めになった顔,&#129764;,&#x1FAE4;
😑,無表情,&#128529;,&#x1F611;
🫨,震える顔,&#129768;,&#x1FAE8;
😬,しかめっ面,&#128556;,&#x1F62C;
🙄,ぐるぐる目の顔,&#128580;,&#x1F644;
😯,落ち着いた顔,&#128559;,&#x1F62F;
😦,心配そうな顔,&#128550;,&#x1F626;
😧,苦悩に満ちた顔,&#128551;,&#x1F627;
😮,口を開けた笑顔,&#128558;,&#x1F62E;
😲,驚いた顔,&#128562;,&#x1F632;
🥱,あくびしている顔,&#129393;,&#x1F971;
🫩,目の下にクマのある顔,&#129769;,&#x1FAE9;
😴,寝顔,&#128564;,&#x1F634;
🤤,よだれを垂らした顔,&#129316;,&#x1F924;
😪,眠い顔,&#128554;,&#x1F62A;
😮‍💨,ため息の出ている顔,&#128558;&#8205;&#128168;,&#x1F62E;
😵,めまい顔,&#128565;,&#x1F635;
😵‍💫,目がぐるぐるしている顔,&#128565;&zwj;&#128171;,&#x1F635;&zwj;&#x1F4AB;
🤐,お口チャック,&#129296;,&#x1F910;
🥴,ぼんやりした顔,&#129396;,&#x1F974;
🤢,吐きそうな顔,&#129314;,&#x1F922;
🤮,吐きそうな顔,&#129326;,&#x1F92E;
🤧,くしゃみをする顔,&#129319;,&#x1F927;
😷,マスクをした顔,&#128567;,&#x1F637;
🤒,温度計をくわえた顔,&#129298;,&#x1F912;
🤕,怪我,&#129301;,&#x1F915;
🤑,強欲な顔,&#129297;,&#x1F911;
🤠,カウボーイハットの顔,&#129312;,&#x1F920;
😈,角つき笑顔,&#128520;,&#x1F608;
👿,小悪魔,&#128127;,&#x1F47F;
👹,鬼,&#128121;,&#x1F479;
👺,天狗,&#128122;,&#x1F47A;
🤡,ピエロの顔,&#129313;,&#x1F921;
💩,うんち,&#128169;,&#x1F4A9;
👻,お化け,&#128123;,&#x1F47B;
💀,ドクロ 骸骨 スカル skull,&#128128;,&#x1F480;
☠,ドクロマーク 骸骨 スカル skull,&#9760;,&#x2620;
👽,宇宙人,&#128125;,&#x1F47D;
👾,エイリアン,&#128126;,&#x1F47E;
🤖,ロボットの顔,&#129302;,&#x1F916;
🎃,ジャック・オ・ランタン,&#127875;,&#x1F383;
😺,口を開けて笑う猫,&#128570;,&#x1F63A;
😸,ニヤニヤ笑う猫,&#128568;,&#x1F638;
😹,嬉し泣きしたネコの顔,&#128569;,&#x1F639;
😻,ハートの目をした猫の笑顔 heart 恋 愛 好き,&#128571;,&#x1F63B;
😼,ニヤリと笑う猫の顔,&#128572;,&#x1F63C;
😽,目を閉じてキスをする猫,&#128573;,&#x1F63D;
🙀,疲れたネコの顔,&#128576;,&#x1F640;
😿,泣いたネコの顔,&#128575;,&#x1F63F;
😾,怒ったネコの顔,&#128574;,&#x1F63E;
🫶,ハートポーズ heart 恋 愛 好き,&#129782;,&#x1FAF6;
🤲,上に向けた両手のひら,&#129330;,&#x1F932;
👐,開いた手,&#128080;,&#x1F450;
🙌,両手を上げる,&#128588;,&#x1F64C;
👏,拍手,&#128079;,&#x1F44F;
🤝,握手,&#129309;,&#x1F91D;
👍,イイね,&#128077;,&#x1F44D;
👎,ダメ,&#128078;,&#x1F44E;
👊,握りこぶし,&#128074;,&#x1F44A;
✊,こぶし,&#9994;,&#x270A;
🤛,左向きのこぶし,&#129307;,&#x1F91B;
🤜,右向きのこぶし,&#129308;,&#x1F91C;
🫷,左を押している手,&#129783;,&#x1FAF7;
🫸,右を押している手,&#129784;,&#x1FAF8;
🤞,交差させた指,&#129310;,&#x1F91E;
✌,Vサイン,&#9996;,&#x270C;
🫰,人差し指と親指を交差した手,&#129776;,&#x1FAF0;
🤟,愛してるのジェスチャー,&#129311;,&#x1F91F;
🤘,コルナ,&#129304;,&#x1F918;
👌,OKサイン,&#128076;,&#x1F44C;
🤌,つまんでいる指,&#129292;,&#x1F90C;
🤏,つまんでいる手,&#129295;,&#x1F90F;
🫳,手のひらを下にした手,&#129779;,&#x1FAF3;
🫴,手のひらを上にした手,&#129780;,&#x1FAF4;
👈,左指差し,&#128072;,&#x1F448;
👉,右指差し,&#128073;,&#x1F449;
👆,上指差し,&#128070;,&#x1F446;
👇,下指差し,&#128071;,&#x1F447;
☝️,上指差し,&#9757;&#65039;,&#x261D;
✋,挙手,&#9995;,&#x270B;
🤚,手の甲,&#129306;,&#x1F91A;
🖐,広げた手のひら顔,&#128400;,&#x1F590;
🖖,長寿と繁栄を,&#128406;,&#x1F596;
👋,バイバイ,&#128075;,&#x1F44B;
🤙,電話の形の手,&#129305;,&#x1F919;
🫲,左手,&#129778;,&#x1FAF2;
🫱,右手,&#129777;,&#x1FAF1;
💪,曲げた上腕二頭筋,&#128170;,&#x1F4AA;
🦾,メカニカルアーム,&#129470;,&#x1F9BE;
🖕,中指を立てた手,&#128405;,&#x1F595;
✍,書いている手,&#9997;,&#270D;
🙏,握った手,&#128591;,&#x1F64F;
🫵,見ている人を指している人差し指,&#129781;,&#x1FAF5;
🦶,足,&#129462;,&#x1F9B6;
🦵,脚,&#129461;,&#x1F9B5;
🦿,機械の脚,&#129471;,&#x1F9BF;
💄,口紅,&#128132;,&#x1F484;
💋,キスマーク,&#128139;,&#x1F48B;
👄,口,&#128068;,&#x1F444;
🫦,かんでいる唇,&#129766;,&#x1FAE6;
🦷,歯,&#129463;,&#x1F9B7;
👅,舌,&#128069;,&#x1F445;
👂,耳,&#128066;,&#x1F442;
🦻,補聴器を付けている耳,&#129467;,&#x1F9BB;
👃,鼻,&#128067;,&#x1F443;
🫆,指紋,&#129734;,&#x1FAC6;
👣,足あと,&#128099;,&#x1F463;
👁,目,&#128065;,&#x1F441;
👀,目,&#128064;,&#x1F440;
🫀,解剖学的な心臓,&#129728;,&#x1FAC0;
🫁,肺,&#129729;,&#x1FAC1;
🧠,脳,&#129504;,&#x1F9E0;
🗣,喋る頭のシルエット,&#128483;,&#x1F5E3;
👤,上半身のシルエット,&#128100;,&#x1F464;
👥,上半身のシルエット,&#128101;,&#x1F465;
🫂,ハグしている人たち,&#129730;,&#x1FAC2;
👶,赤ちゃん,&#128118;,&#x1F476;
👧,女の子,&#128103;,&#x1F467;
🧒,子供,&#129490;,&#x1F9D2;
👦,男の子,&#128102;,&#x1F466;
👩,女性,&#128105;,&#x1F469;
🧑,成人向け,&#129489;,&#x1F9D1;
👨,男性,&#128104;,&#x1F468;
👩‍🦱,女性、巻き毛,&#128105;&#8205;&#129457;,&#x1F469;&#x200D;&#x1F9B1;
🧑🏿‍🦱,人、暗い肌色、巻き毛,&#129489;&#127999;&#8205;&#129457;,&#x1F9D1;&#x1F3FF;&#x200D;&#x1F9B1;
👨‍🦱,男性、巻き毛,&#128104;&#8205;&#129457;,&#x1F468;&#x200D;&#x1F9B1;
👩‍🦰,女性、赤毛,&#128105;&#8205;&#129456;,&#x1F469;&#x200D;&#x1F9B0;
🧑‍🦰,人、赤毛,&#129489;&#8205;&#129456;,&#x1F9D1;&#x200D;&#x1F9B0;
👨‍🦰,男性、赤毛,&#128104;&#8205;&#129456;,&#x1F468;&#x200D;&#x1F9B0;
👱‍♀️,女性、金髪,&#128113;&#8205;&#9792;&#65039;,&#x1F471;&#x200D;&#x2640;&#xFE0F;
👱,人、金髪,&#128113;,&#x1F471;
👱‍♂️,男性、金髪,&#128113;&#8205;&#9794;&#65039;,&#x1F471;&#x200D;&#x2642;&#xFE0F;
👩‍🦳,女性、白髪,&#128105;&#8205;&#129459;,&#x1F469;&#x200D;&#x1F9B3;
🧑‍🦳,人、白髪,&#129489;&#8205;&#129459;,&#x1F9D1;&#x200D;&#x1F9B3;
👨‍🦳,男性、白髪,&#128104;&#8205;&#129459;,&#x1F468;&#x200D;&#x1F9B3;
👩‍🦲,女性、禿,&#128105;&#8205;&#129458;,&#x1F469;&#x200D;&#x1F9B2;
🧑‍🦲,人、禿,&#129489;&#8205;&#129458;,&#x1F9D1;&#x200D;&#x1F9B2;
👨‍🦲,男性、禿,&#128104;&#8205;&#129458;,&#x1F468;&#x200D;&#x1F9B2;
🧔‍♀️,ひげのある女性,&#129492;&#8205;&#9792;&#65039;,&#x1F9D4;&#x200D;&#x2640;&#xFE0F;
🧔,あごひげのある人,&#129492;,&#x1F9D4;
🧔‍♂️,ひげのある男性,&#129492;&#8205;&#9794;&#65039;,&#x1F9D4;&#x200D;&#x2642;&#xFE0F;
👵,おばあさん,&#128117;,&#x1F475;
🧓,高齢者,&#129491;,&#x1F9D3;
👴,おじいさん,&#128116;,&#x1F474;
👲,スカルキャップをかぶった人,&#128114;,&#x1F472;
👳‍♀️,ターバンを巻いている女性,&#128115;&#8205;&#9792;&#65039;,&#x1F473;&#x200D;&#x2640;&#xFE0F;
👳,ターバンを巻いている人,&#128115;,&#x1F473;
👳‍♂️,ターバンを巻いている男性,&#128115;&#8205;&#9794;&#65039;,&#x1F473;&#x200D;&#x2642;&#xFE0F;
🧕,ヘッドスカーフをかぶった人,&#129493;,&#x1F9D5;
👮‍♀️,女性警察官,&#128110;&#8205;&#9792;&#65039;,&#x1F46E;&#x200D;&#x2640;&#xFE0F;
👮,警察官,&#128110;,&#x1F46E;
👮‍♂️,男性警察官,&#128110;&#8205;&#9794;&#65039;,&#x1F46E;&#x200D;&#x2642;&#xFE0F;
👷‍♀️,女性の建設作業員,&#128119;&#8205;&#9792;&#65039;,&#x1F477;&#x200D;&#x2640;&#xFE0F;
👷,建設作業員,&#128119;,&#x1F477;
👷‍♂️,男性の建設作業員,&#128119;&#8205;&#9794;&#65039;,&#x1F477;&#x200D;&#x2642;&#xFE0F;
💂‍♀️,女性警備員,&#128130;&#8205;&#9792;&#65039;,&#x1F482;&#x200D;&#x2640;&#xFE0F;
💂,警備員,&#128130;,&#x1F482;
💂‍♂️,男性警備員,&#128130;&#8205;&#9794;&#65039;,&#x1F482;&#x200D;&#x2642;&#xFE0F;
🕵️‍♀️,女性の探偵,&#128373;&#65039;&#8205;&#9792;&#65039;,&#x1F575;&#xFE0F;&#x200D;&#x2640;&#xFE0F;
🕵,探偵,&#128373;,&#x1F575;
🕵️‍♂️,男性の探偵,&#128373;&#65039;&#8205;&#9794;&#65039;,&#x1F575;&#xFE0F;&#x200D;&#x2642;&#xFE0F;
👩‍⚕️,女性医療関係者,&#128105;&#8205;&#9877;&#65039;,&#x1F469;&#x200D;&#x2695;&#xFE0F;
🧑‍⚕️,医療関係者,&#129489;&#8205;&#9877;&#65039;,&#x1F9D1;&#x200D;&#x2695;&#xFE0F;
👨‍⚕️,男性医療関係者,&#128104;&#8205;&#9877;&#65039;,&#x1F468;&#x200D;&#x2695;&#xFE0F;
👩‍🌾,女性の農業従事者,&#128105;&#8205;&#127806;,&#x1F469;&#x200D;&#x1F33E;
🧑‍🌾,農業従事者,&#129489;&#8205;&#127806;,&#x1F9D1;&#x200D;&#x1F33E;
👨‍🌾,男性の農業従事者,&#128104;&#8205;&#127806;,&#x1F468;&#x200D;&#x1F33E;
👩‍🍳,女性の料理人,&#128105;&#8205;&#127859;,&#x1F469;&#x200D;&#x1F373;
🧑‍🍳,料理人,&#129489;&#8205;&#127859;,&#x1F9D1;&#x200D;&#x1F373;
👨‍🍳,男性の料理人,&#128104;&#8205;&#127859;,&#x1F468;&#x200D;&#x1F373;
👩‍🎓,女子生徒,&#128105;&#8205;&#127891;,&#x1F469;&#x200D;&#x1F393;
🧑‍🎓,生徒,&#129489;&#8205;&#127891;,&#x1F9D1;&#x200D;&#x1F393;
👨‍🎓,男子生徒,&#128104;&#8205;&#127891;,&#x1F468;&#x200D;&#x1F393;
👩‍🎤,女性シンガー,&#128105;&#8205;&#127908;,&#x1F469;&#x200D;&#x1F3A4;
🧑‍🎤,歌手,&#129489;&#8205;&#127908;,&#x1F9D1;&#x200D;&#x1F3A4;
👨‍🎤,男性シンガー,&#128104;&#8205;&#127908;,&#x1F468;&#x200D;&#x1F3A4;
👩‍🏫,女性の教師,&#128105;&#8205;&#127979;,&#x1F469;&#x200D;&#x1F3EB;
🧑‍🏫,教師,&#129489;&#8205;&#127979;,&#x1F9D1;&#x200D;&#x1F3EB;
👨‍🏫,男性の教師,&#128104;&#8205;&#127979;,&#x1F468;&#x200D;&#x1F3EB;
👩‍🏭,女性の工場作業員,&#128105;&#8205;&#127981;,&#x1F469;&#x200D;&#x1F3ED;
🧑‍🏭,工場作業員,&#129489;&#8205;&#127981;,&#x1F9D1;&#x200D;&#x1F3ED;
👨‍🏭,男性の工場作業員,&#128104;&#8205;&#127981;,&#x1F468;&#x200D;&#x1F3ED;
👩‍💻,女性技術者,&#128105;&#8205;&#128187;,&#x1F469;&#x200D;&#x1F4BB;
🧑‍💻,技術者,&#129489;&#8205;&#128187;,&#x1F9D1;&#x200D;&#x1F4BB;
👨‍💻,男性技術者,&#128104;&#8205;&#128187;,&#x1F468;&#x200D;&#x1F4BB;
👩‍💼,女性会社員,&#128105;&#8205;&#128188;,&#x1F469;&#x200D;&#x1F4BC;
🧑‍💼,会社員,&#129489;&#8205;&#128188;,&#x1F9D1;&#x200D;&#x1F4BC;
👨‍💼,男性会社員,&#128104;&#8205;&#128188;,&#x1F468;&#x200D;&#x1F4BC;
👩‍🔧,女性整備士,&#128105;&#8205;&#128295;,&#x1F469;&#x200D;&#x1F527;
🧑‍🔧,整備士,&#129489;&#8205;&#128295;,&#x1F9D1;&#x200D;&#x1F527;
👨‍🔧,男性整備士,&#128104;&#8205;&#128295;,&#x1F468;&#x200D;&#x1F527;
👩‍🔬,女性科学者,&#128105;&#8205;&#128300;,&#x1F469;&#x200D;&#x1F52C;
🧑‍🔬,科学者,&#129489;&#8205;&#128300;,&#x1F9D1;&#x200D;&#x1F52C;
👨‍🔬,男性科学者,&#128104;&#8205;&#128300;,&#x1F468;&#x200D;&#x1F52C;
👩‍🎨,女性アーティスト,&#128105;&#8205;&#127912;,&#x1F469;&#x200D;&#x1F3A8;
🧑‍🎨,アーティスト,&#129489;&#8205;&#127912;,&#x1F9D1;&#x200D;&#x1F3A8;
👨‍🎨,男性アーティスト,&#128104;&#8205;&#127912;,&#x1F468;&#x200D;&#x1F3A8;
👩‍🚒,女性消防士,&#128105;&#8205;&#128658;,&#x1F469;&#x200D;&#x1F692;
🧑‍🚒,消防士,&#129489;&#8205;&#128658;,&#x1F9D1;&#x200D;&#x1F692;
👨‍🚒,男性消防士,&#128104;&#8205;&#128658;,&#x1F468;&#x200D;&#x1F692;
👩‍✈️,女性パイロット,&#128105;&#8205;&#9992;&#65039;,&#x1F469;&#x200D;&#x2708;&#xFE0F;
🧑‍✈️,パイロット,&#129489;&#8205;&#9992;&#65039;,&#x1F9D1;&#x200D;&#x2708;&#xFE0F;
👨‍✈️,男性パイロット,&#128104;&#8205;&#9992;&#65039;,&#x1F468;&#x200D;&#x2708;&#xFE0F;
👩‍🚀,女性宇宙飛行士,&#128105;&#8205;&#128640;,&#x1F469;&#x200D;&#x1F680;
🧑‍🚀,宇宙飛行士,&#129489;&#8205;&#128640;,&#x1F9D1;&#x200D;&#x1F680;
👨‍🚀,男性宇宙飛行士,&#128104;&#8205;&#128640;,&#x1F468;&#x200D;&#x1F680;
👩‍⚖️,女性裁判官,&#128105;&#8205;&#9878;&#65039;,&#x1F469;&#x200D;&#x2696;&#xFE0F;
🧑‍⚖️,裁判官,&#129489;&#8205;&#9878;&#65039;,&#x1F9D1;&#x200D;&#x2696;&#xFE0F;
👨‍⚖️,男性裁判官,&#128104;&#8205;&#9878;&#65039;,&#x1F468;&#x200D;&#x2696;&#xFE0F;
👰‍♀️,ベールを付けた女性,&#128112;&#8205;&#9792;&#65039;,&#x1F575;&#x200D;&#x2640;&#xFE0F;
👰,ベールを付けた人,&#128112;,&#x1F470;
👰‍♂️,ベールを付けた男性,&#128112;&#8205;&#9794;&#65039;,&#x1F575;&#x200D;&#x2642;&#xFE0F;
🤵‍♀️,タキシードの女性,&#129333;&#8205;&#9792;&#65039;,&#x1F935;&#x200D;&#x2640;&#xFE0F;
🤵,タキシードを着る人,&#129333;,&#x1F935;
🤵‍♂️,タキシードの男性,&#129333;&#8205;&#9794;&#65039;,&#x1F935;&#x200D;&#x2642;&#xFE0F;
👸,お姫さま,&#128120;,&#x1F478;
🫅,王冠をかぶった人,&#129733;,&#x1FAC5;
🤴,王子様,&#129332;,&#x1F934;
🥷,忍者,&#129399;,&#x1F977;
🦸‍♀️,女性のスーパーヒーロー,&#129464;&#8205;&#9792;&#65039;,&#x1F9B8;&#x200D;&#x2640;&#xFE0F;
🦸,スーパーヒーロー,&#129464;,&#x1F9B8;
🦸‍♂️,男性のスーパーヒーロー,&#129464;&#8205;&#9794;&#65039;,&#x1F9B8;&#x200D;&#x2642;&#xFE0F;
🦹‍♀️,女性の悪党,&#129465;&#8205;&#9792;&#65039;,&#x1F9B9;&#x200D;&#x2640;&#xFE0F;
🦹,悪党,&#129465;,&#x1F9B9;
🦹‍♂️,男性の悪党,&#129465;&#8205;&#9794;&#65039;,&#x1F9B9;&#x200D;&#x2642;&#xFE0F;
🤶,ミセス・クロース,&#129334;,&#x1F936;
🧑‍🎄,ミクスクロース,&#129489;&#8205;&#127876;,&#x1F9D1;&#x200D;&#x1F384;
🎅,サンタクロース,&#127877;,&#x1F385;
🧙‍♀️,女性の魔法使い,&#129497;&#8205;&#9792;&#65039;,&#x1F9D9;&#x200D;&#x2640;&#xFE0F;
🧙,魔法使い,&#129497;,&#x1F9D9;
🧙‍♂️,男性の魔法使い,&#129497;&#8205;&#9794;&#65039;,&#x1F9D9;&#x200D;&#x2642;&#xFE0F;
🧝‍♀️,女性の小人,&#129501;&#8205;&#9792;&#65039;,&#x1F9DD;&#x200D;&#x2640;&#xFE0F;
🧝,小人,&#129501;,&#x1F9DD;
🧝‍♂️,男性の小人,&#129501;&#8205;&#9794;&#65039;,&#x1F9DD;&#x200D;&#x2642;&#xFE0F;
🧌,釣り,&#129484;,&#x1F9CC;
🧛‍♀️,女性の吸血鬼,&#129499;&#8205;&#9792;&#65039;,&#x1F9DB;&#x200D;&#x2640;&#xFE0F;
🧛,吸血鬼,&#129499;,&#x1F9DB;
🧛‍♂️,男性の吸血鬼,&#129499;&#8205;&#9794;&#65039;,&#x1F9DB;&#x200D;&#x2642;&#xFE0F;
🧟‍♀️,女性のゾンビ,&#129503;&#8205;&#9792;&#65039;,&#x1F9DF;&#x200D;&#x2640;&#xFE0F;
🧟,ゾンビ,&#129503;,&#x1F9DF;
🧟‍♂️,男性のゾンビ,&#129503;&#8205;&#9794;&#65039;,&#x1F9DF;&#x200D;&#x2642;&#xFE0F;
🧟‍♀️,女性のゾンビ,&#129503;&#8205;&#9792;&#65039;,&#x1F9DF;&#x200D;&#x2640;&#xFE0F;
🧟,ゾンビ,&#129503;,&#x1F9DF;
🧟‍♂️,男性のゾンビ,&#129503;&#8205;&#9794;&#65039;,&#x1F9DF;&#x200D;&#x2642;&#xFE0F;
🧞‍♀️,女性の精霊,&#129502;&#8205;&#9792;&#65039;,&#x1F9DE;&#x200D;&#x2640;&#xFE0F;
🧞,精霊,&#129502;,&#x1F9DE;
🧞‍♂️,男性の精霊,&#129502;&#8205;&#9794;&#65039;,&#x1F9DE;&#x200D;&#x2642;&#xFE0F;
🧜‍♀️,女性の人魚,&#129500;&#8205;&#9792;&#65039;,&#x1F9DC;&#x200D;&#x2640;&#xFE0F;
🧜,人魚,&#129500;,&#x1F9DC;
🧜‍♂️,男性の人魚,&#129500;&#8205;&#9794;&#65039;,&#x1F9DC;&#x200D;&#x2642;&#xFE0F;
🧚‍♀️,女性の妖精,&#129498;&#8205;&#9792;&#65039;,&#x1F9DA;&#x200D;&#x2640;&#xFE0F;
🧚,妖精,&#129498;,&#x1F9DA;
🧚‍♂️,男性の妖精,&#129498;&#8205;&#9794;&#65039;,&#x1F9DA;&#x200D;&#x2642;&#xFE0F;
👼,天使の赤ちゃん,&#128124;,&#x1F47C;
🤰,妊婦,&#129328;,&#x1F930;
🫄,妊娠した人,&#129732;,&#x1FAC4;
🫃,妊娠している男性,&#129731;,&#x1FAC3;
🤱,母乳,&#129329;,&#x1F931;
👩‍🍼,赤ちゃんにご飯をあげる女性,&#128105;&#8205;&#127868;,&#x1F469;&#x200D;&#x1F37C;
🧑‍🍼,赤ちゃんにご飯をあげる人,&#129732;&#8205;&#127868;,&#x1F9D1;&#x200D;&#x1F37C;
👨‍🍼,赤ちゃんにご飯をあげる男性,&#129732;&#8205;&#127868;,&#x1F468;&#x200D;&#x1F37C;
🙇‍♀️,深くお辞儀する女性,&#128583;&#8205;&#9792;&#65039;,&#x1F647;&#x200D;&#x2640;&#xFE0F;
🙇,深くお辞儀する人,&#128583;,&#x1F647;
🙇‍♂️,深くお辞儀する男性,&#128583;&#8205;&#9794;&#65039;,&#x1F647;&#x200D;&#x2642;&#xFE0F;
💁‍♀️,案内する女性,&#128129;&#8205;&#9792;&#65039;,&#x1F481;&#x200D;&#x2640;&#xFE0F;
💁,案内する人,&#128129;,&#x1F481;
💁‍♂️,案内する男性,&#128129;&#8205;&#9794;&#65039;,&#x1F481;&#x200D;&#x2642;&#xFE0F;
🙅‍♀️,NGサインの女性,&#128581;&#8205;&#9792;&#65039;,&#x1F645;&#x200D;&#x2640;&#xFE0F;
🙅,NGサインの人,&#128581;,&#x1F645;
🙅‍♂️,NGサインの男性,&#128581;&#8205;&#9794;&#65039;,&#x1F645;&#x200D;&#x2642;&#xFE0F;
🙆‍♀️,OKサインの女性,&#128582;&#8205;&#9792;&#65039;,&#x1F646;&#x200D;&#x2640;&#xFE0F;
🙆,OKサインの人,&#128582;,&#x1F646;
🙆‍♂️,OKサインの男性,&#128582;&#8205;&#9794;&#65039;,&#x1F646;&#x200D;&#x2642;&#xFE0F;
🙋‍♀️,片手を上げて喜ぶ女性,&#128587;&#8205;&#9792;&#65039;,&#x1F64B;&#x200D;&#x2640;&#xFE0F;
🙋,片手を上げて喜ぶ人,&#128587;,&#x1F64B;
🙋‍♂️,片手を上げて喜ぶ男性,&#128587;&#8205;&#9794;&#65039;,&#x1F64B;&#x200D;&#x2642;&#xFE0F;
🧏‍♀️,耳が不自由な女性,&#129487;&#8205;&#9792;&#65039;,&#x1F9CF;&#x200D;&#x2640;&#xFE0F;
🧏,耳が不自由な人,&#129487;,&#x1F9CF;
🧏‍♂️,耳が不自由な男性,&#129487;&#8205;&#9794;&#65039;,&#x1F9CF;&#x200D;&#x2642;&#xFE0F;
🤦‍♀️,顔を押さえる女性,&#129318;&#8205;&#9792;&#65039;,&#x1F926;&#x200D;&#x2640;&#xFE0F;
🤦,手のひらを顔に当てる人,&#129318;,&#x1F926;
🤦‍♂️,顔を押さえる男性,&#129318;&#8205;&#9794;&#65039;,&#x1F926;&#x200D;&#x2642;&#xFE0F;
🤷‍♀️,肩をすくめる女性,&#129335;&#8205;&#9792;&#65039;,&#x1F937;&#x200D;&#x2640;&#xFE0F;
🤷,肩をすくめる人,&#129335;,&#x1F937;
🤷‍♂️,肩をすくめる男性,&#129335;&#8205;&#9794;&#65039;,&#x1F937;&#x200D;&#x2642;&#xFE0F;
🙎‍♀️,ふくれっ面の女性,&#128590;&#8205;&#9792;&#65039;,&#x1F64E;&#x200D;&#x2640;&#xFE0F;
🙎,怒った顔の人,&#128590;,&#x1F64E;
🙎‍♂️,ふくれっ面の男性,&#128590;&#8205;&#9794;&#65039;,&#x1F64E;&#x200D;&#x2642;&#xFE0F;
🙍‍♀️,顔をしかめた女性,&#128589;&#8205;&#9792;&#65039;,&#x1F64D;&#x200D;&#x2640;&#xFE0F;
🙍,顔をしかめた人,&#128589;,&#x1F64D;
🙍‍♂️,顔をしかめた男性,&#128589;&#8205;&#9794;&#65039;,&#x1F64D;&#x200D;&#x2642;&#xFE0F;
💇‍♀️,髪を切られている女性,&#128135;&#8205;&#9792;&#65039;,&#x1F487;&#x200D;&#x2640;&#xFE0F;
💇,髪を切られている人,&#128135;,&#x1F487;
💇‍♂️,髪を切られている男性,&#128135;&#8205;&#9794;&#65039;,&#x1F487;&#x200D;&#x2642;&#xFE0F;
💆‍♀️,フェイスマッサージを受ける女性,&#128134;&#8205;&#9792;&#65039;,&#x1F486;&#x200D;&#x2640;&#xFE0F;
💆,フェイスマッサージを受ける人,&#128134;,&#x1F486;
💆‍♂️,フェイスマッサージを受ける男性,&#128134;&#8205;&#9794;&#65039;,&#x1F486;&#x200D;&#x2642;&#xFE0F;
🧖‍♀️,スチームルームにいる女性,&#129494;&#8205;&#9792;&#65039;,&#x1F9D6;&#x200D;&#x2640;&#xFE0F;
🧖,スチームルームにいる人,&#129494;,&#x1F9D6;
🧖‍♂️,スチームルームにいる男性,&#129494;&#8205;&#9794;&#65039;,&#x1F9D6;&#x200D;&#x2642;&#xFE0F;
💅,マニキュア,&#128133;,&#x1F485;
🤳,自撮り,&#129331;,&#x1F933;
💃,女性ダンサー,&#128131;,&#x1F483;
🕺,男性ダンサー,&#128378;,&#x1F57A;
👯‍♀️,バニーガール,&#128111;&#8205;&#9792;&#65039;,&#x1F46F;&#x200D;&#x2640;&#xFE0F;
👯,うさぎ耳の人,&#128111;,&#x1F46F;
👯‍♂️,うさぎ耳の男性,&#128111;&#8205;&#9794;&#65039;,&#x1F46F;&#x200D;&#x2642;&#xFE0F;
🕴️,宙に浮いたスーツの人,&#128378;,&#x1F574;&#xFE0F;
👩‍🦽,手動車いすに座っている女性,&#128105;&#8205;&#129469;,&#x1F469;&#x200D;&#x1F9BD;
🧑‍🦽,手動車いすに座っている人,&#129489;&#8205;&#129469;,&#x1F9D1;&#x200D;&#x1F9BD;
👨‍🦽,手動車いすに座っている男性,&#128104;&#8205;&#129469;,&#x1F468;&#x200D;&#x1F9BD;
👩‍🦼,電動車いすに座っている女性,&#128105;&#8205;&#129468;,&#x1F469;&#x200D;&#x1F9BC;
🧑‍🦼,電動車いすに座っている人,&#129489;&#8205;&#129468;,&#x1F9D1;&#x200D;&#x1F9BC;
👨‍🦼,電動車いすに座っている男性,&#128104;&#8205;&#129468;,&#x1F468;&#x200D;&#x1F9BC;
🚶‍♀️,歩く女性,&#128694;&#8205;&#9792;&#65039;,&#x1F6B6;&#x200D;&#x2640;&#xFE0F;
🚶,歩く人,&#128694;,&#x1F6B6;
🚶‍♂️,歩く男性,&#128694;&#8205;&#9794;&#65039;,&#x1F6B6;&#x200D;&#x2642;&#xFE0F;
👩‍🦯,白杖を持った女性,&#128105;&#8205;&#129455;,&#x1F469;&#x200D;&#x1F9AF;
🧑‍🦯,白杖を持った人,&#129489;&#8205;&#129455;,&#x1F9D1;&#x200D;&#x1F9AF;
👨‍🦯,白杖を持った男性,&#128104;&#8205;&#129455;,&#x1F468;&#x200D;&#x1F9AF;
🧎‍♀️,膝立ちしている女性,&#129486;&#8205;&#9792;&#65039;,&#x1F9CE;&#x200D;&#x2640;&#xFE0F;
🧎,膝立ちしている人,&#129486;,&#x1F9CE;
🧎‍♂️,膝立ちしている男性,&#129486;&#8205;&#9794;&#65039;,&#x1F9CE;&#x200D;&#x2642;&#xFE0F;
🏃‍♀️,走る女性,&#127939;&#8205;&#9792;&#65039;,&#x1F3C3;&#x200D;&#x2640;&#xFE0F;
🏃,走る人,&#127939;,&#x1F3C3;
🏃‍♂️,走る男性,&#127939;&#8205;&#9794;&#65039;,&#x1F3C3;&#x200D;&#x2642;&#xFE0F;
🧍‍♀️,立っている女性,&#129485;&#8205;&#9792;&#65039;,&#x1F9CD;&#x200D;&#x2640;&#xFE0F;
🧍,立っている人,&#129485;,&#x1F9CD;
🧍‍♂️,立っている男性,&#129485;&#8205;&#9794;&#65039;,&#x1F9CD;&#x200D;&#x2642;&#xFE0F;
👫,手をつないだ男女,&#128107;,&#x1F46B;
👭,手をつないだ女性,&#128109;,&#x1F46D;
🧑‍🤝‍🧑,手をつないだ人たち,&#129489;&#8205;&#129309;&#8205;&#129489;,&#x1F9D1;&#x200D;&#x1F91D;&#x200D;&#x1F9D1;
👬,手をつないだ男性,&#128108;,&#x1F46C;
👩‍❤️‍👨,ハートのカップル（女性、男性） heart 恋 愛 好き,&#128105;&#8205;&#10084;&#65039;&#8205;&#128104;,&#x1F469;&#x200D;&#x2764;&#xFE0F;&#x200D;&#x1F468;
👩‍❤️‍👩,ハートのカップル（女性、女性） heart 恋 愛 好き,&#128105;&#8205;&#10084;&#65039;&#8205;&#128105;,&#x1F469;&#x200D;&#x2764;&#xFE0F;&#x200D;&#x1F469;
💑,ハートのカップル heart 恋 愛 好き,&#128145;,&#x1F491;
👨‍❤️‍👨,ハートのカップル（男性、男性） heart 恋 愛 好き,&#128104;&#8205;&#10084;&#65039;&#8205;&#128104;,&#x1F468;&#x200D;&#x2764;&#xFE0F;&#x200D;&#x1F468;
👩‍❤️‍💋‍👨,キス（女性、男性）,&#128105;&#8205;&#10084;&#65039;&#8205;&#128139;&#8205;&#128104;,&#x1F469;&#x200D;&#x2764;&#xFE0F;&#x200D;&#x1F48B;&#x200D;&#x1F468;
👩‍❤️‍💋‍👩,キス（女性、女性）,&#128105;&#8205;&#10084;&#65039;&#8205;&#128139;&#8205;&#128105;,&#x1F469;&#x200D;&#x2764;&#xFE0F;&#x200D;&#x1F48B;&#x200D;&#x1F469;
💏,キス,&#128143;,&#x1F48F;
👨‍❤️‍💋‍👨,キス（男性、男性）,&#128104;&#8205;&#10084;&#65039;&#8205;&#128139;&#8205;&#128104;,&#x1F468;&#x200D;&#x2764;&#xFE0F;&#x200D;&#x1F48B;&#x200D;&#x1F468;
👨‍👩‍👦,家族（男性、女性、男の子）,&#128104;&#8205;&#128105;&#8205;&#128102;,&#x1F468;&#x200D;&#x1F469;&#x200D;&#x1F466;
👨‍👩‍👧,家族（男性、女性、女の子）,&#128104;&#8205;&#128105;&#8205;&#128103;,&#x1F468;&#x200D;&#x1F469;&#x200D;&#x1F467;
👨‍👩‍👧‍👦,家族（男性、女性、女の子、男の子）,&#128104;&#8205;&#128105;&#8205;&#128103;&#8205;&#128102;,&#x1F468;&#x200D;&#x1F469;&#x200D;&#x1F467;&#x200D;&#x1F466;
👨‍👩‍👦‍👦,家族（男性、女性、男の子、男の子）,&#128104;&#8205;&#128105;&#8205;&#128103;&#8205;&#128102;,&#x1F468;&#x200D;&#x1F469;&#x200D;&#x1F466;&#x200D;&#x1F466;
👨‍👩‍👧‍👧,家族（男性、女性、女の子、女の子）,&#128104;&#8205;&#128105;&#8205;&#128103;&#8205;&#128103;,&#x1F468;&#x200D;&#x1F469;&#x200D;&#x1F467;&#x200D;&#x1F467;
👩‍👩‍👦,家族（女性、女性、男の子）,&#128105;&#8205;&#128105;&#8205;&#128102;,&#x1F469;&#x200D;&#x1F469;&#x200D;&#x1F466;
👩‍👩‍👧,家族（女性、女性、女の子）,&#128105;&#8205;&#128105;&#8205;&#128103;,&#x1F469;&#x200D;&#x1F469;&#x200D;&#x1F467;
👩‍👩‍👧‍👦,家族（女性、女性、女の子、男の子）,&#128105;&#8205;&#128105;&#8205;&#128103;&#8205;&#128102;,&#x1F469;&#x200D;&#x1F469;&#x200D;&#x1F467;&#x200D;&#x1F466;
👩‍👩‍👦‍👦,家族（女性、女性、男の子、男の子）,&#128105;&#8205;&#128105;&#8205;&#128103;&#8205;&#128102;,&#x1F469;&#x200D;&#x1F469;&#x200D;&#x1F466;&#x200D;&#x1F466;
👩‍👩‍👧‍👧,家族（女性、女性、女の子、女の子）,&#128105;&#8205;&#128105;&#8205;&#128103;&#8205;&#128103;,&#x1F469;&#x200D;&#x1F469;&#x200D;&#x1F467;&#x200D;&#x1F467;
👨‍👨‍👦,家族（男性、男性、男の子）,&#128104;&#8205;&#128104;&#8205;&#128102;,&#x1F468;&#x200D;&#x1F468;&#x200D;&#x1F466;
👨‍👨‍👧,家族（男性、男性、女の子）,&#128104;&#8205;&#128104;&#8205;&#128103;,&#x1F468;&#x200D;&#x1F469;&#x200D;&#x1F467;
👨‍👨‍👧‍👦,家族（男性、男性、女の子、男の子）,&#128104;&#8205;&#128104;&#8205;&#128103;&#8205;&#128102;,&#x1F468;&#x200D;&#x1F468;&#x200D;&#x1F467;&#x200D;&#x1F466;
👨‍👨‍👦‍👦,家族（男性、男性、男の子、男の子）,&#128104;&#8205;&#128104;&#8205;&#128103;&#8205;&#128102;,&#x1F468;&#x200D;&#x1F468;&#x200D;&#x1F466;&#x200D;&#x1F466;
👨‍👨‍👧‍👧,家族（男性、男性、女の子、女の子）,&#128104;&#8205;&#128104;&#8205;&#128103;&#8205;&#128103;,&#x1F468;&#x200D;&#x1F468;&#x200D;&#x1F467;&#x200D;&#x1F467;
👩‍👦,家族（女性、男の子）,&#128105;&#8205;&#128102;,&#x1F469;&#x200D;&#x1F466;
👩‍👧,家族（女性、女の子）,&#128105;&#8205;&#128103;,&#x1F469;&#x200D;&#x1F467;
👩‍👧‍👦,家族（女性、女の子、男の子）,&#128105;&#8205;#128103;&#8205;&#128102;,&#x1F469;&#x200D;&#x1F467;&#x200D;&#x1F466;
👩‍👦‍👦,家族（女性、男の子、男の子）,&#128105;&#8205;&#128103;&#8205;&#128102;,&#x1F469;&#x200D;&#x1F466;&#x200D;&#x1F466;
👩‍👧‍👧,家族（女性、女の子、女の子）,&#128105;&#8205;&#128103;&#8205;&#128103;,&#x1F469;&#x200D;&#x1F467;&#x200D;&#x1F467;
👨‍👦,家族（男性、男の子）,&#128104;&#8205;&#128102;,&#x1F468;&#x200D;&#x1F466;
👨‍👧,家族（男性、女の子）,&#128104;&#8205;&#128103;,&#x1F468;&#x200D;&#x1F467;
👨‍👧‍👦,家族（男性、女の子、男の子）,&#128104;&#8205;#128103;&#8205;&#128102;,&#x1F468;&#x200D;&#x1F467;&#x200D;&#x1F466;
👨‍👦‍👦,家族（男性、男の子、男の子）,&#128104;&#8205;&#128103;&#8205;&#128102;,&#x1F468;&#x200D;&#x1F466;&#x200D;&#x1F466;
👨‍👧‍👧,家族（男性、女の子、女の子）,&#128104;&#8205;&#128103;&#8205;&#128103;,&#x1F468;&#x200D;&#x1F467;&#x200D;&#x1F467;
🪢,結び目,&#129698;,&#x1FAA2;
🧶,糸,&#129526;,&#x1F9F6;
🧵,スレッド,&#129525;,&#x1F9F5;
🪡,縫い針,&#129697;,&#x1FAA1;
🧥,コート,&#129509;,&#x1F9E5;
🥼,白衣,&#129404;,&#x1F97C;
🦺,安全ベスト,&#129466;,&#x1F9BA;
👚,レディースウェア,&#128090;,&#x1F45A;
👕,Tシャツ,&#128085;,&#x1F455;
👖,ジーンズ,&#128086;,&#x1F456;
🩲,ブリーフ,&#129650;,&#x1FA72;
🩳,ショーツ,&#129651;,&#x1FA73;
👔,ネクタイ,&#128084;,&#x1F454;
👗,ドレス,&#128087;,&#x1F457;
👙,ビキニ,&#128089;,&#x1F459;
🩱,ワンピース,&#129649;,&#x1FA71;
👘,着物,&#128088;,&#x1F458;
🥻,サリー,&#129403;,&#x1F97B;
🩴,ゴム製サンダル,&#129652;,&#x1FA74;
🥿,レディースフラットシューズ,&#129407;,&#x1F97F;
👠,ハイヒール,&#128096;,&#x1F460;
👡,レディースサンダル,&#128097;,&#x1F461;
👢,レディースブーツ,&#128098;,&#x1F462;
👞,メンズシューズ,&#128094;,&#c;
👟,運動靴,&#128095;,&#x1F45F;
🥾,ハイキングブーツ,&#129406;,&#x1F97E;
🧦,靴下,&#129510;,&#x1F9E6;
🧤,手袋,&#129508;,&#x1F9E4;
🧣,スカーフ,&#129507;,&#x1F9E3;
🎩,シルクハット,&#127913;,&#x1F3A9;
🧢,キャップ,&#129506;,&#x1F9E2;
👒,レディースハット,&#128082;,&#x1F452;
🎓,卒業式の角帽,&#127891;,&#x1F393;
⛑️,白十字のヘルメット,&#9937;&#65039;,&#x26D1;&#xFE0F;
🪖,軍隊のヘルメット,&#129686;,&#x1FA96;
👑,冠,&#128081;,&#x1F451;
💍,指輪,&#128141;,&#x1F48D;
👝,ポーチ,&#128093;,&#x1F45D;
👛,財布,&#128091;,&#x1F45B;
👜,ハンドバッグ,&#128092;,&#x1F45C;
💼,ブリーフケース,&#128188;,&#x1F4BC;
🎒,ランドセル,&#127890;,&#x1F392;
🧳,手荷物,&#129523;,&#x1F9F3;
👓,眼鏡,&#128083;,&#x1F453;
🕶️,眼鏡,&#128374;&#65039;,&#x1F576;&#xFE0F;
🥽,ゴーグル,&#129405;,&#x1F97D;
🌂,閉じた傘,&#127746;,&#x1F302;
🐶,イヌの顔,&#128054;,&#x1F436;
🐱,ネコの顔,&#128049;,&#x1F431;
🐭,ネズミの顔,&#128045;,&#x1F42D;
🐹,ハムスターの顔 star ほし,&#128057;,&#x1F439;
🐰,ウサギの顔,&#128048;,&#x1F430;
🦊,キツネの顔,&#129418;,&#x1F98A;
🐻,クマの顔,&#128059;,&#x1F43B;
🐼,パンダの顔,&#128060;,&#x1F43C;
🐻‍❄️,シロクマ,&#128059;&#8205;&#10052;&#65039;,&#x1F43B;&#x200D;&#x2744;&#xFE0F;
🐨,コアラ,&#128040;,&#x1F428;
🐯,トラの顔,&#128047;,&#x1F42F;
🦁,ライオンの顔,&#129409;,&#x1F981;
🐮,ウシの顔,&#128046;,&#x1F42E;
🐷,ブタの顔,&#128055;,&#x1F437;
🐽,ブタの鼻,&#128061;,&#x1F43D;
🐸,カエルの顔,&#128056;,&#x1F438;
🐵,サルの顔,&#128053;,&#x1F435;
🙈,見ざる,&#128584;,&#x1F648;
🙉,聞かざる,&#128585;,&#x1F649;
🙊,言わざる,&#128586;,&#x1F64A;
🐒,サル,&#128018;,&#x1F412;
🐔,ニワトリ,&#128020;,&#x1F414;
🐧,ペンギン,&#128523;,&#x1F427;
🐦,鳥,&#128038;,&#x1F426;
🐤,ヒヨコ,&#128036;,&#x1F424;
🐣,ひよこ,&#128035;,&#x1F423;
🐥,正面を向いたヒヨコ,&#128037;,&#x1F425;
🪿,ガチョウ,&#129727;,&#x1FABF;
🦆,アヒル,&#129414;,&#x1F986;
🐦‍⬛,黒い鳥,&#128038;&#8205;&#11035;,&#x1F426;&#x200D;&#x2B1B;
🦅,ワシ,&#129413;,&#x1F985;
🦉,フクロウ,&#129417;,&#x1F989;
🦇,コウモリ,&#129415;,&#x1F987;
🐺,オオカミの顔,&#128058;,&#x1F43A;
🐗,イノシシ,&#128023;,&#x1F417;
🐴,ウマの顔,&#128052;,&#x1F434;
🦄,ユニコーンの顔,&#129412;,&#x1F984;
🫎,ヘラジカ,&#129742;,&#x1FACE;
🐝,ミツバチ,&#128029;,&#x1F41D;
🪱,蠕虫,&#129713;,&#x1FAB1;
🐛,虫,&#128027;,&#x1F41B;
🦋,チョウ,&#129419;,&#x1F98B;
🐌,カタツムリ,&#128012;,&#x1F40C;
🐞,テントウムシ,&#128030;,&#x1F41E;
🐜,アリ,&#128028;,&#x1F41C;
🪰,ハエ,&#129712;,&#x1FAB0;
🪲,甲虫,&#129714;,&#x1FAB2;
🪳,ゴキブリ,&#129715;,&#x1FAB3;
🦟,蚊,&#129439;,&#x1F99F;
🦗,クリケット,&#129431;,&#x1F997;
🕷,クモ,&#128375;,&#x1F577;
🕸,クモの巣,&#128376;,&#x1F578;
🦂,サソリ,&#129410;,&#x1F982;
🐢,カメ,&#128034;,&#x1F422;
🐍,ヘビ,&#128013;,&#x1F40D;
🦎,トカゲ,&#129422;,&#x1F98E;
🦖,ティラノサウルス,&#129430;,&#x1F996;
🦕,竜脚類,&#129429;,&#x1F995;
🐙,タコ,&#128025;,&#x1F419;
🦑,イカ,&#129425;,&#x1F991;
🪼,クラゲ,&#129724;,&#x1FABC;
🦐,エビ,&#129424;,&#x1F990;
🦞,ロブスター star ほし,&#129438;,&#x1F99E;
🦀,カニ,&#129408;,&#x1F980;
🐡,フグ,&#128033;,&#x1F421;
🐠,熱帯魚,&#128032;,&#x1F420;
🐟,魚,&#128031;,&#x1F41F;
🐬,イルカ,&#128044;,&#x1F42C;
🐳,潮吹きクジラ,&#128051;,&#x1F433;
🐋,クジラ,&#128011;,&#x1F40B;
🦈,サメ,&#129416;,&#x1F988;
🦭,アザラシ,&#129453;,&#x1F9AD;
🐊,ワニ,&#128010;,&#x1F40A;
🐅,トラ,&#128005;,&#x1F405;
🐆,ヒョウ,&#128006;,&#x1F406;
🦓,シマウマ,&#129427;,&#x1F993;
🦍,ゴリラ,&#129421;,&#x1F98D;
🦧,オランウータン,&#129447;,&#x1F9A7;
🦣,マンモス,&#129443;,&#x1F9A3;
🐘,ゾウ,&#128024;,&#x1F418;
🦛,カバ,&#129435;,&#x1F99B;
🦏,サイ,&#129423;,&#x1F98F;
🐪,ヒトコブラクダ,&#128042;,&#x1F42A;
🐫,フタコブラクダ,&#128043;,&#x1F42B;
🦒,キリン,&#129426;,&#x1F992;
🦘,カンガルー,&#129432;,&#x1F998;
🦬,バイソン,&#129452;,&#x1F9AC;
🐃,スイギュウ,&#128003;,&#x1F403;
🐂,雄牛,&#128002;,&#x1F402;
🐄,ウシ,&#128004;,&#x1F404;
🫏,ロバ,&#129743;,&#x1FACF;
🐎,馬,&#128014;,&#x1F40E;
🐖,ブタ,&#128022;,&#x1F416;
🐏,仔羊,&#128015;,&#x1F40F;
🐑,ヒツジ,&#128017;,&#x1F411;
🦙,ラマ,&#129433;,&#x1F999;
🐐,ヤギ,&#128016;,&#x1F410;
🦌,シカ,&#129420;,&#x1F98C;
🐕,イヌ,&#128021;,&#x1F415;
🐩,プードル,&#128041;,&#x1F429;
🦮,盲導犬,&#129454;,&#x1F9AE;
🐕‍🦺,介助犬,&#128021;&#8205;&#129466;,&#x1F415;&#x200D;&#x1F9BA;
🐈,ネコ,&#128008;,&#x1F408;
🐈‍⬛,黒猫,&#128008;&#8205;&#11035;,&#x1F408;&#x200D;&#x2B1B;
🪶,羽毛,&#129718;,&#x1FAB6;
🪽,羽,&#129725;,&#x1FABD;
🐓,おんどり,&#128019;,&#x1F413;
🦃,七面鳥（鳥）,&#129411;,&#x1F983;
🦤,ドードー,&#129444;,&#x1F9A4;
🦚,オスのクジャク,&#129434;,&#x1F99A;
🦜,オウム,&#129436;,&#x1F99C;
🦢,白鳥,&#129442;,&#x1F9A2;
🦩,フラミンゴ,&#129449;,&#x1F9A9;
🕊,平和の鳩,&#128330;,&#x1F54A;
🐇,ウサギ,&#128007;,&#x1F407;
🦝,アライグマ,&#129437;,&#x1F99D;
🦨,スカンク,&#129448;,&#x1F9A8;
🦡,アナグマ,&#129441;,&#x1F9A1;
🦫,ビーバー,&#129451;,&#x1F9AB;
🦦,カワウソ,&#129446;,&#x1F9A6;
🦥,怠惰,&#129445;,&#x1F9A5;
🐁,ネズミ,&#128001;,&#x1F401;
🐀,ネズミ,&#128000;,&#x1F400;
🐿,シマリス,&#128063;,&#x1F43F;
🦔,ハリネズミ,&#129428;,&#x1F994;
🐾,動物の足あと,&#128062;,&#x1F43E;
🐉,ドラゴン,&#128009;,&#x1F409;
🐲,ドラゴンの顔,&#128050;,&#x1F432;
🌵,サボテン,&#127797;,&#x1F335;
🎄,クリスマスツリー,&#127876;,&#x1F384;
🌲,常緑樹,&#127794;,&#x1F332;
🌳,落葉樹,&#127795;,&#x1F333;
🌴,ヤシの木,&#127796;,&#x1F334;
🪾,葉のない木,&#129726;,&#x1FABE;
🪵,木材,&#129717;,&#x1FAB5;
🌱,苗木,&#127793;,&#x1F331;
🌿,ハーブ,&#127807;,&#x1F33F;
☘,クローバー,&#9752;,&#x2618;
🍀,四つ葉のクローバー,&#127808;,&#x1F340;
🎍,門松,&#127885;,&#x1F38D;
🪴,鉢植え,&#129716;,&#x1FAB4;
🎋,七夕,&#127883;,&#x1F38B;
🍃,風になびく葉,&#127811;,&#x1F343;
🍂,落ち葉,&#127810;,&#x1F342;
🍁,カエデの葉,&#127809;,&#x1F341;
🪺,卵のある巣,&#129722;,&#x1FABA;
🪹,空の巣,&#129721;,&#x1FAB9;
🍄,キノコ,&#127812;,&#x1F344;
🐚,巻き貝,&#128026;,&#x1F41A;
🪸,サンゴ,&#129720;,&#x1FAB8;
🪨,ロック,&#129704;,&#x1FAA8;
🌾,稲穂,&#127806;,&#x1F33E;
💐,花束,&#128144;,&#x1F490;
🌷,チューリップ,&#127799;,&#x1F337;
🌹,バラ,&#127801;,&#x1F339;
🥀,しおれた花,&#129344;,&#x1F940;
🪻,ヒアシンス,&#129723;,&#x1FABB;
🪷,ハス,&#129719;,&#x1FAB7;
🌺,ハイビスカス,&#127802;,&#x1F33A;
🌸,桜,&#127800;,&#x1F338;
🌼,花,&#127804;,&#x1F33C;
🌻,ヒマワリ,&#127803;,&#x1F33B;
🌞,顔つき太陽,&#127774;,&#x1F31E;
🌝,顔つき満月,&#127773;,&#x1F31D;
🌛,顔つき上弦の月,&#127771;,&#x1F31B;
🌜,顔がある下弦の月,&#127772;,&#x1F31C;
🌚,顔つき新月,&#127770;,&#x1F31A;
🌕,満月,&#127765;,&#x1F315;
🌖,寝待月,&#127766;,&#x1F316;
🌗,下弦の月,&#127767;,&#x1F317;
🌘,欠けていく三日月,&#127768;,&#x1F318;
🌑,新月,&#127761;,&#x1F311;
🌒,満ちていく三日月,&#127762;,&#x1F312;
🌓,上弦の月,&#127763;,&#x1F313;
🌔,十三夜月,&#127764;,&#x1F314;
🌙,三日月,&#127769;,&#x1F319;
🌎,アメリカ大陸,&#127758;,&#x1F30E;
🌍,ヨーロッパとアフリカ地域,&#127757;,&#x1F30D;
🌏,アジアとオーストラリア,&#127759;,&#x1F30F;
🪐,環のある惑星 star ほし,&#129680;,&#x1FA90;
💫,くらくら,&#128171;,&#x1F4AB;
⭐,中くらいの星 star ほし,&#11088;,&#x2B50;
🌟,光る星 star ほし,&#127775;,&#x1F31F;
✨,キラキラ,&#10024;,&#x2728;
⚡,高電圧記号,&#9889;,&#x26A1;
☄,彗星 star ほし,&#9732;,&#x2604;
💥,衝突マーク,&#128165;,&#x1F4A5;
🔥,炎 fire ほのお 燃える,&#128293;,&#x1F525;
🌪,竜巻雲,&#127786;,&#x1F32A;
🌈,虹,&#127752;,&#x1F308;
☀,太陽の光,&#9728;,&#x2600;
🌤,太陽と小さな雲,&#127780;,&#x1F324;
⛅,晴れ時々曇り,&#9925;,&#x26C5;
🌥,晴れのち曇り,&#127781;,&#x1F325;
☁,雲,&#9729;,&#x2601;
🌦,晴れのち曇り時々雨,&#127782;,&#x1F326;
🌧,雨雲,&#127783;,&#x1F327;
⛈,雷雨,&#9928;,&#x26C8;
🌩,雷雲,&#127785;,&#x1F329;
🌨,雪雲,&#127784;,&#x1F328;
❄,雪の結晶,&#10052;,&#x2744;
☃,雪だるま,&#9731;,&#x2603;
⛄,雪だるま,&#9924;,&#x26C4;
🌬,風が吹いている,&#127788;,&#x1F32C;
💨,ダッシュ,&#128168;,&#x1F4A8;
💧,雫,&#128167;,&#x1F4A7;
💦,汗マーク,&#128166;,&#x1F4A6;
🫧,バブル,&#129767;,&#x1FAE7;
☔,雨と傘,&#9748;,&#x2614;
☂,傘,&#9730;,&#x2602;
🌊,波,&#127754;,&#x1F30A;
🌫,霧,&#127787;,&#x1F32B;
🍏,青りんご,&#127823;,&#x1F34F;
🍎,赤いりんご,&#127822;,&#x1F34E;
🍐,梨,&#127824;,&#x1F350;
🍊,みかん,&#127818;,&#x1F34A;
🍋,レモン,&#127819;,&#x1F34B;
🍌,バナナ,&#127820;,&#x1F34C;
🍉,スイカ,&#127817;,&#x1F349;
🍇,ブドウ,&#127815;,&#x1F347;
🍓,イチゴ,&#127827;,&#x1F353;
🫐,ブルーベリー,&#129744;,&#x1FAD0;
🍈,メロン,&#127816;,&#x1F348;
🍒,さくらんぼ,&#127826;,&#x1F352;
🍑,桃,&#127825;,&#x1F351;
🥭,マンゴー,&#129389;,&#x1F96D;
🍍,パイナップル,&#127821;,&#x1F34D;
🥥,ココナッツ,&#129381;,&#x1F965;
🥝,キウイフルーツ,&#129373;,&#x1F95D;
🍅,トマト,&#127813;,&#x1F345;
🍆,ナス,&#127814;,&#x1F346;
🥑,アボカド,&#129361;,&#x1F951;
🫛,エンドウ豆のさや,&#129755;,&#x1FADB;
🥦,ブロッコリー,&#129382;,&#x1F966;
🥬,葉っぱの緑,&#129388;,&#x1F96C;
🥒,キュウリ,&#129362;,&#x1F952;
🌶,トウガラシ,&#127798;,&#x1F336;
🫑,ピーマン,&#129745;,&#x1FAD1;
🌽,トウモロコシ,&#127805;,&#x1F33D;
🥕,ニンジン,&#129365;,&#x1F955;
🫒,オリーブ,&#129746;,&#x1FAD2;
🧄,にんにく,&#129476;,&#x1F9C4;
🧅,玉ねぎ,&#129477;,&#x1F9C5;
🥔,ジャガイモ,&#129364;,&#x1F954;
🫜,根菜,&#129756;,&#x1FADC;
🍠,焼き芋,&#127840;,&#x1F360;
🫚,ショウガ,&#129754;,&#x1FADA;
🥐,クロワッサン,&#129360;,&#x1F950;
🥯,ベーグル,&#129391;,&#x1F96F;
🍞,パン,&#127838;,&#x1F35E;
🥖,フランスパン,&#129366;,&#x1F956;
🥨,プレッツェル,&#129384;,&#x1F968;
🧀,チーズ,&#129472;,&#x1F9C0;
🥚,卵,&#129370;,&#x1F95A;
🍳,料理,&#127859;,&#x1F373;
🧈,バター,&#129480;,&#x1F9C8;
🥞,パンケーキ,&#129374;,&#x1F95E;
🧇,ワッフル 無駄口,&#129479;,&#x1F9C7;
🥓,ベーコン,&#129363;,&#x1F953;
🥩,一切れの肉,&#129385;,&#x1F969;
🍗,ターキー,&#127831;,&#x1F357;
🍖,骨付き肉,&#127830;,&#x1F356;
🦴,骨,&#129460;,&#x1F9B4;
🌭,ホットドッグ,&#128539;,&#x1F32D;
🍔,ハンバーガー,&#127828;,&#x1F354;
🍟,フライドポテト,&#127839;,&#x1F35F;
🍕,ピザ,&#127829;,&#x1F355;
🫓,フラットブレッド,&#129747;,&#x1FAD3;
🥪,サンドウィッチ,&#129386;,&#x1F96A;
🥙,フラットブレッドサンド,&#129369;,&#x1F959;
🧆,ファラフェル,&#129478;,&#x1F9C6;
🌮,タコス,&#127790;,&#x1F32E;
🌯,ブリトー,&#127791;,&#x1F32F;
🫔,タマーレ,&#129748;,&#x1FAD4;
🥗,グリーンサラダ,&#129367;,&#x1F957;
🥘,パエリア,&#129368;,&#x1F958;
🫕,フォンデュ,&#129749;,&#x1FAD5;
🥫,缶詰,&#129387;,&#x1F96B;
🫙,瓶,&#129753;,&#x1FAD9;
🍝,スパゲッティ,&#127837;,&#x1F35D;
🍜,どんぶり,&#127836;,&#x1F35C;
🍲,なべ,&#127858;,&#x1F372;
🍛,カレーライス,&#127835;,&#x1F35B;
🍣,寿司,&#127843;,&#x1F363;
🍱,弁当箱,&#127857;,&#x1F371;
🥟,餃子,&#129375;,&#x1F95F;
🦪,カキ,&#129450;,&#x1F9AA;
🍤,エビフライ,&#127844;,&#x1F364;
🍙,おにぎり,&#127833;,&#x1F359;
🍚,ごはん,&#127834;,&#x1F35A;
🍘,せんべい,&#127832;,&#x1F358;
🍥,なると,&#127845;,&#x1F365;
🥠,おみくじ入りクッキー,&#129376;,&#x1F960;
🥮,月餅,&#129390;,&#x1F96E;
🍢,おでん,&#127842;,&#x1F362;
🍡,団子,&#127841;,&#x1F361;
🍧,かき氷,&#127847;,&#x1F367;
🍨,アイスクリーム,&#127848;,&#x1F368;
🍦,ソフトクリーム,&#127846;,&#x1F366;
🥧,パイ,&#129383;,&#x1F967;
🧁,カップケーキ,&#129473;,&#x1F9C1;
🍰,ショートケーキ,&#127856;,&#x1F370;
🎂,バースデーケーキ,&#127874;,&#x1F382;
🍮,カスタード star ほし,&#127854;,&#x1F36E;
🍭,ペロペロキャンディー,&#127853;,&#x1F36D;
🍬,アメ,&#127852;,&#x1F36C;
🍫,チョコレート,&#127851;,&#x1F36B;
🍿,ポップコーン,&#127871;,&#x1F37F;
🍩,ドーナツ,&#127849;,&#x1F369;
🍪,クッキー,&#127850;,&#x1F36A;
🌰,栗,&#127792;,&#x1F330;
🥜,ピーナッツ,&#129372;,&#x1F95C;
🫘,豆,&#129752;,&#x1FAD8;
🍯,ハニーポット,&#127855;,&#x1F36F;
🥛,コップに入った牛乳,&#129371;,&#x1F95B;
🫗,流れ込む液体,&#129751;,&#x1FAD7;
🍼,哺乳瓶,&#127868;,&#x1F37C;
🫖,ティーポット,&#129750;,&#x1FAD6;
☕,ホットドリンク,&#9749;,&#x2615;
🍵,湯のみ,&#127861;,&#x1F375;
🧃,飲料ボックス,&#129475;,&#x1F9C3;
🥤,カップとストロー,&#129380;,&#x1F964;
🧋,タピオカティー,&#129483;,&#x1F9CB;
🍶,とっくりとおちょこ,&#127862;,&#x1F376;
🍺,ビール,&#127866;,&#x1F37A;
🍻,乾杯,&#127867;,&#x1F37B;
🥂,グラスで乾杯,&#129346;,&#x1F942;
🍷,ワイングラス,&#127863;,&#x1F377;
🥃,タンブラー,&#129347;,&#x1F943;
🍸,カクテルグラス,&#127864;,&#x1F378;
🍹,トロピカルドリンク,&#127865;,&#x1F379;
🧉,マテ,&#129481;,&#x1F9C9;
🍾,瓶と飛び出す栓,&#127870;,&#x1F37E;
🧊,角氷,&#129482;,&#x1F9CA;
🥄,スプーン,&#129348;,&#x1F944;
🍴,フォークとナイフ,&#127860;,&#x1F374;
🍽,フォークとナイフとプレート,&#128539;,&#x1F37D;
🥣,ボウルとスプーン,&#129379;,&#x1F963;
🥡,テイクアウトボックス,&#129377;,&#x1F961;
🥢,箸,&#129378;,&#x1F962;
🧂,塩,&#129474;,&#x1F9C2;
⚽,サッカーボール,&#9917;,&#x26BD;
🏀,バスケットボール,&#127936;,&#x1F3C0;
🏈,アメリカンフットボール,&#127944;,&#x1F3C8;
⚾,野球,&#9918;,&#x26BE;
🥎,ソフトボール,&#129358;,&#x1F94E;
🎾,テニスボール,&#127934;,&#x1F3BE;
🏐,バレーボール,&#127952;,&#x1F3D0;
🏉,ラグビー,&#127945;,&#x1F3C9;
🥏,空飛ぶ円盤,&#129359;,&#x1F94F;
🎱,ビリヤード,&#127921;,&#x1F3B1;
🪀,ヨーヨー,&#129664;,&#x1FA80;
🏓,卓球のラケットとボール,&#127955;,&#x1F3D3;
🏸,バドミントンのラケットとシャトル,&#127992;,&#x1F3F8;
🏒,アイスホッケーのスティックとパック,&#127954;,&#x1F3D2;
🏑,フィールドホッケーのスティックとボール,&#127953;,&#x1F3D1;
🥍,ラクロス,&#129357;,&#x1F94D;
🏏,クリケットのバットとボール,&#127951;,&#x1F3CF;
🪃,ブーメラン,&#129667;,&#x1FA83;
🥅,ゴールネット,&#129349;,&#x1F945;
⛳,ゴルフのカップ,&#9971;,&#x26F3;
🪁,凧,&#129665;,&#x1FA81;
🛝,滑り台,&#128733;,&#x1F6DD;
🏹,弓矢,&#127993;,&#x1F3F9;
🎣,釣竿と魚,&#127907;,&#x1F3A3;
🤿,ダイビングマスク,&#129343;,&#x1F93F;
🥊,ボクシンググローブ,&#129354;,&#x1F94A;
🥋,道着,&#129355;,&#x1F94B;
🎽,ランニングシャツと襷,&#127933;,&#x1F3BD;
🛹,スケボー,&#128761;,&#x1F6F9;
🛼,ローラースケート,&#128764;,&#x1F6FC;
🛷,そり,&#128759;,&#x1F6F7;
⛸️,アイススケート,&#9976;&#65039;,&#x26F8;&#xFE0F;
🥌,カーリングストーン,&#129356;,&#x1F94C;
🎿,スキーとスキーブーツ,&#127935;,&#x1F3BF;
⛷️,スキー,&#9975;&#65039;,&#x26F7;&#xFE0F;
🏂,スノーボーダー,&#127938;,&#x1F3C2;
🪂,パラシュート,&#129666;,&#x1FA82;
🏋️‍♀️,ウエイトを持ち上げる女性,&#127947;&#65039;&#8205;&#9792;&#65039;,&#x1F3CB;&#xFE0F;&#x200D;&#x2640;&#xFE0F;
🏋️,ウエイトを持ち上げる人,&#127947;&#65039;,&#x1F3CB;&#xFE0F;
🏋️‍♂️,ウエイトを持ち上げる男性,&#127947;&#65039;&#8205;&#9794;&#65039;,&#x1F3CB;&#xFE0F;&#x200D;&#x2642;&#xFE0F;
🤼‍♀️,レスリングをする女性,&#129340;&#8205;&#9792;&#65039;,&#x1F93C;&#x200D;&#x2640;&#xFE0F;
🤼,レスリングをする人たち,&#129340;,&#x1F93C;
🤼‍♂️,レスリングをする男性,&#129340;&#8205;&#9794;&#65039;,&#x1F93C;&#x200D;&#x2642;&#xFE0F;
🤸‍♀️,側転をする女性,&#129336;&#8205;&#9792;&#65039;,&#x1F938;&#x200D;&#x2640;&#xFE0F;
🤸,側転をする人,&#129336;,&#x1F938;
🤸‍♂️,側転をする男性,&#129336;&#8205;&#9794;&#65039;,&#x1F938;&#x200D;&#x2642;&#xFE0F;
⛹️‍♀️,ボールをバウンドさせる女性,&#9977;&#65039;&#8205;&#9792;&#65039;,&#x26F9;&#xFE0F;&#x200D;&#x2640;&#xFE0F;
⛹️,ボールをバウンドさせる人,&#9977;&#65039;,&#x26F9;&#xFE0F;
⛹️‍♂️,ボールをバウンドさせる男性,&#9977;&#65039;&#8205;&#9794;&#65039;,&#x26F9;&#xFE0F;&#x200D;&#x2642;&#xFE0F;
🤺,フェンシングをする人,&#129338;,&#x1F93A;
🤾‍♀️,ハンドボールをする女性,&#129342;&#8205;&#9792;&#65039;,&#x1F93E;&#x200D;&#x2640;&#xFE0F;
🤾,ハンドボールをする人,&#129342;,&#x1F93E;
🤾‍♂️,ハンドボールをする男性,&#129342;&#8205;&#9794;&#65039;,&#x1F93E;&#x200D;&#x2642;&#xFE0F;
🏌️‍♀️,ゴルフをする女性,&#127948;&#65039;&#8205;&#9792;&#65039;,&#x1F3CC;&#xFE0F;&#x200D;&#x2640;&#xFE0F;
🏌️,ゴルフをする人,&#127948;&#65039;,&#x1F3CC;&#xFE0F;
🏌️‍♂️,ゴルフをする男性,&#127948;&#65039;&#8205;&#9794;&#65039;,&#x1F3CC;&#xFE0F;&#x200D;&#x2642;&#xFE0F;
🏇,競馬,&#127943;,&#x1F3C7;
🧘‍♀️,蓮華座の女性,&#129496;&#8205;&#9792;&#65039;,&#x1F9D8;&#x200D;&#x2640;&#xFE0F;
🧘,蓮華座の人,&#129496;,&#x1F9D8;
🧘‍♂️,蓮華座の男性,&#129496;&#8205;&#9794;&#65039;,&#x1F9D8;&#x200D;&#x2642;&#xFE0F;
🏄‍♀️,サーフィンをする女性,&#127940;&#8205;&#9792;&#65039;,&#x1F3C4;&#x200D;&#x2640;&#xFE0F;
🏄,サーフィンをする人,&#127940;,&#x1F3C4;
🏄‍♂️,サーフィンをする男性,&#127940;&#8205;&#9794;&#65039;,&#x1F3C4;&#x200D;&#x2642;&#xFE0F;
🏊‍♀️,泳ぐ女性,&#127946;&#8205;&#9792;&#65039;,&#x1F3CA;&#x200D;&#x2640;&#xFE0F;
🏊,泳ぐ人,&#127946;,&#x1F3CA;
🏊‍♂️,泳ぐ男性,&#127946;&#8205;&#9794;&#65039;,&#x1F3CA;&#x200D;&#x2642;&#xFE0F;
🤽‍♀️,水球をする女性 water みず,&#129341;&#8205;&#9792;&#65039;,&#x1F93D;&#x200D;&#x2640;&#xFE0F;
🤽,水球をする人 water みず,&#129341;,&#x1F93D;
🤽‍♂️,水球をする男性 water みず,&#129341;&#8205;&#9794;&#65039;,&#x1F93D;&#x200D;&#x2642;&#xFE0F;
🚣‍♀️,ボートを漕ぐ女性,&#128675;&#8205;&#9792;&#65039;,&#x1F6A3;&#x200D;&#x2640;&#xFE0F;
🚣,ボートを漕ぐ人,&#128675;,&#x1F6A3;
🚣‍♂️,ボートを漕ぐ男性,&#128675;&#8205;&#9794;&#65039;,&#x1F6A3;&#x200D;&#x2642;&#xFE0F;
🧗‍♀️,クライミングしている女性,&#129495;&#8205;&#9792;&#65039;,&#x1F9D7;&#x200D;&#x2640;&#xFE0F;
🧗,クライミングしている人,&#129495;,&#x1F9D7;
🧗‍♂️,クライミングしている男性,&#129495;&#8205;&#9794;&#65039;,&#x1F9D7;&#x200D;&#x2642;&#xFE0F;
🚵‍♀️,マウンテンバイクに乗る女性,&#128693;&#8205;&#9792;&#65039;,&#x1F6B5;&#x200D;&#x2640;&#xFE0F;
🚵,マウンテンバイクに乗る人,&#128693;,&#x1F6B5;
🚵‍♂️,マウンテンバイクに乗る男性,&#128693;&#8205;&#9794;&#65039;,&#x1F6B5;&#x200D;&#x2642;&#xFE0F;
🚴‍♀️,自転車に乗る女性,&#128692;&#8205;&#9792;&#65039;,&#x1F6B4;&#x200D;&#x2640;&#xFE0F;
🚴,自転車に乗る人,&#128692;,&#x1F6B4;
🚴‍♂️,自転車に乗る男性,&#v;&#8205;&#9794;&#65039;,&#x1F6B4;&#x200D;&#x2642;&#xFE0F;
🏆,トロフィー,&#127942;,&#x1F3C6;
🥇,金メダル,&#129351;,&#x1F947;
🥈,銀メダル,&#129352;,&#x1F948;
🥉,銅メダル,&#129353;,&#x1F949;
🏅,スポーツのメダル,&#127941;,&#x1F3C5;
🎖️,勲章,&#127894;&#65039;,&#x1F396;&#xFE0F;
🏵️,バラ飾り,&#127989;&#65039;,&#x1F3F5;&#xFE0F;
🎗️,リマインダーリボン,&#127895;&#65039;,&#x1F397;&#xFE0F;
🎫,きっぷ,&#127915;,&#x1F3AB;
🎟️,入場券,&#127903;&#65039;,&#x1F39F;&#xFE0F;
🎪,サーカス小屋,&#127914;,&#x1F3AA;
🤹‍♀️,ジャグリングをする女性,&#129337;&#8205;&#9792;&#65039;,&#x1F939;&#x200D;&#x2640;&#xFE0F;
🤹,ジャグリングをする人,&#129337;,&#x1F939;
🤹‍♂️,ジャグリングをする男性,&#129337;&#8205;&#9794;&#65039;,&#x1F939;&#x200D;&#x2642;&#xFE0F;
🎭,舞台芸術,&#127917;,&#x1F3AD;
🩰,バレエシューズ,&#129648;,&#x1FA70;
🎨,絵の具パレット,&#127912;,&#x1F3A8;
🫟,飛沫,&#129759;,&#x1FADF;
🎬,カチンコ,&#127916;,&#x1F3AC;
🎤,マイク,&#127908;,&#x1F3A4;
🎧,ヘッドホン,&#127911;,&#x1F3A7;
🎼,楽譜,&#127932;,&#x1F3BC;
🎹,鍵盤,&#127929;,&#x1F3B9;
🪇,マラカス,&#129671;,&#x1FA87;
🥁,ドラム,&#129345;,&#x1F941;
🪘,長いドラム,&#129688;,&#x1FA98;
🎷,サックス,&#127927;,&#x1F3B7;
🎺,トランペット,&#127930;,&#x1F3BA;
🪗,アコーディオン,&#129687;,&#x1FA97;
🎸,ギター,&#127928;,&#x1F3B8;
🪕,バンジョー,&#129685;,&#x1FA95;
🪉,ハープ,&#129673;,&#x1FA89;
🎻,バイオリン,&#127931;,&#x1F3BB;
🪈,フルート,&#129672;,&#x1FA88;
🎲,サイコロ,&#127922;,&#x1F3B2;
♟️,チェスのポーン,&#9823;&#65039;,&#x265F;&#xFE0F;
🎯,的中,&#127919;,&#x1F3AF;
🎳,ボウリング,&#127923;,&#x1F3B3;
🎮,テレビゲーム,&#127918;,&#x1F3AE;
🎰,スロットマシン,&#127920;,&#x1F3B0;
🧩,パズルのピース,&#129513;,&#x1F9E9;
🚗,自動車,&#128663;,&#x1F697;
🚕,タクシー,&#128661;,&#x1F695;
🚙,キャンピングカー,&#128665;,&#x1F699;
🚌,バス,&#128652;,&#x1F68C;
🚎,トロリーバス,&#128654;,&#x1F68E;
🏎,レーシングカー,&#127950;,&#x1F3CE;
🚓,パトカー,&#128659;,&#x1F693;
🚑,救急車,&#128657;,&#x1F691;
🚒,消防車,&#128658;,&#x1F692;
🚐,マイクロバス,&#128656;,&#x1F690;
🛻,ピックアップトラック,&#128763;,&#x1F6FB;
🚚,配達用トラック,&#128666;,&#x1F69A;
🚛,トレーラー,&#128667;,&#x1F69B;
🚜,トラクター,&#128668;,&#x1F69C;
🦯,白杖,&#129455;,&#x1F9AF;
🦽,手動車いす,&#129469;,&#x1F9BD;
🦼,電動車いす,&#129468;,&#x1F9BC;
🩼,松葉杖,&#129660;,&#x1FA7C;
🛴,キックボード,&#128756;,&#x1F6F4;
🚲,自転車,&#128690;,&#x1F6B2;
🛵,スクーター,&#128757;,&#x1F6F5;
🏍,レースバイク,&#127949;,&#x1F3CD;
🛺,オートリキシャ,&#128762;,&#x1F6FA;
🛞,車輪,&#128734;,&#x1F6DE;
🚨,パトライト,&#128680;,&#x1F6A8;
🚔,パトカー,&#128660;,&#x1F694;
🚍,バス,&#128653;,&#x1F68D;
🚘,対向車,&#128664;,&#x1F698;
🚖,タクシー,&#128662;,&#x1F696;
🚡,ロープウェイ,&#128673;,&#x1F6A1;
🚠,ロープウェイ,&#128672;,&#x1F6A0;
🚟,高架鉄道,&#128671;,&#x1F69F;
🚃,鉄道車両,&#128537;,&#x1F683;
🚋,路面電車,&#128538;,&#x1F68B;
🚞,山岳鉄道,&#128523;,&#x1F69E;
🚝,モノレール,&#128539;,&#x1F69D;
🚄,新幹線,&#128541;,&#x1F684;
🚅,新幹線,&#128645;,&#x1F685;
🚈,ライトレール,&#128648;,&#x1F688;
🚂,蒸気機関車,&#128642;,&#x1F682;
🚆,電車,&#128646;,&#x1F686;
🚇,地下鉄,&#128647;,&#x1F687;
🚊,路面電車,&#128650;,&#x1F68A;
🚉,駅,&#128649;,&#x1F689;
✈️,飛行機,&#9992;&65039;,&#x2708;&#xFE0F;
🛫,飛行機の離陸,&#128747;,&#x1F6EB;
🛬,飛行機の着陸,&#128748;,&#x1F6EC;
🛩,小型航空機,&#128745;,&#x1F6E9;
💺,座席,&#128186;,&#x1F4BA;
🛰,サテライト,&#128752;,&#x1F6F0;
🚀,ロケット,&#128640;,&#x1F680;
🛸,空飛ぶ円盤,&#128760;,&#x1F6F8;
🚁,ヘリコプター,&#128641;,&#x1F681;
🛶,カヌー,&#128758;,&#x1F6F6;
⛵,ヨット,&#9973;,&#x26F5;
🚤,スピードボート,&#128676;,&#x1F6A4;
🛥,モーターボート,&#128741;,&#x1F6E5;
🛳,旅客戦,&#128755;,&#x1F6F3;
⛴,フェリー,&#9972;,&#x26F4;
🚢,船,&#128674;,&#x1F6A2;
🛟,救命浮き輪,&#128735;,&#x1F6DF;
⚓,いかり,&#9875;,&#x2693;
🪝,フック,&#129693;,&#x1FA9D;
⛽,ガソリンスタンド,&#9981;,&#x26FD;
🚧,工事中,&#128679;,&#x1F6A7;
🚦,縦向きの信号機,&#128678;,&#x1F6A6;
🚥,横向きの信号機,&#128677;,&#x1F6A5;
🚏,バス停,&#128655;,&#x1F68F;
🗺,世界地図,&#128506;,&#x1F5FA;
🗿,モヤイ像,&#128511;,&#x1F5FF;
🗽,自由の女神,&#128509;,&#x1F5FD;
🗼,東京タワー,&#128508;,&#x1F5FC;
🏰,西洋の城,&#127984;,&#x1F3F0;
🏯,日本の城,&#127983;,&#x1F3EF;
🏟,スタジアム,&#127967;,&#x1F3DF;
🎡,観覧車,&#127905;,&#x1F3A1;
🎢,ジェットコースター star ほし,&#127906;,&#x1F3A2;
🎠,メリーゴーランド,&#127904;,&#x1F3A0;
⛲,噴水 water みず,&#9970;,&#x26F2;
⛱,立てられたパラソル,&#9969;,&#x26F1;
🏖,ビーチと傘,&#127958;,&#x1F3D6;
🏝,無人島,&#127965;,&#x1F3DD;
🏜,砂漠,&#127964;,&#x1F3DC;
🌋,火山 fire ほのお 燃える,&#127755;,&#x1F30B;
⛰,山,&#9968;,&#x26F0;
🏔,雪山,&#127956;,&#x1F3D4;
🗻,富士山,&#128507;,&#x1F5FB;
🏕,キャンプ,&#127957;,&#x1F3D5;
⛺,テント,&#9978;,&#x26FA;
🛖,小屋,&#128726;,&#x1F6D6;
🏠,家,&#127968;,&#x1F3E0;
🏡,庭付きの家,&#127969;,&#x1F3E1;
🏘,家,&#127960;,&#x1F3D8;
🏚,廃墟,&#127962;,&#x1F3DA;
🏗,建設中,&#127959;,&#x1F3D7;
🏭,工場,&#127981;,&#x1F3ED;
🏢,オフィスビル,&#127970;,&#x1F3E2;
🏬,デパート,&#127980;,&#x1F3EC;
🏣,日本の郵便局,&#127971;,&#x1F3E3;
🏤,ヨーロッパの郵便局,&#127972;,&#x1F3E4;
🏥,病院,&#127973;,&#x1F3E5;
🏦,銀行,&#127974;,&#x1F3E6;
🏨,ホテル,&#127976;,&#x1F3E8;
🏪,コンビニエンスストア,&#127978;,&#x1F3EA;
🏫,学校,&#127979;,&#x1F3EB;
🏩,ラブホテル,&#127977;,&#x1F3E9;
💒,結婚式,&#128146;,&#x1F492;
🏛,歴史的な建物,&#127963;,&#x1F3DB;
⛪,教会,&#9962;,&#x26EA;
🕌,モスク,&#128332;,&#x1F54C;
🕍,シナゴーグ,&#128333;,&#x1F54D;
🛕,ヒンドゥー教寺院,&#128725;,&#x1F6D5;
🕋,カアバ,&#128331;,&#x1F54B;
⛩,神社,&#9961;,&#x26E9;
🛤,線路,&#128740;,&#x1F6E4;
🛣,高速道路,&#128739;,&#x1F6E3;
🗾,日本列島,&#128510;,&#x1F5FE;
🎑,お月見,&#127889;,&#x1F391;
🏞,国立公園,&#127966;,&#x1F3DE;
🌅,日の出,&#127749;,&#x1F305;
🌄,山からの日の出,&#127748;,&#x1F304;
🌠,流れ星 star ほし,&#127776;,&#x1F320;
🎇,線香花火 fire ほのお 燃える,&#127879;,&#x1F387;
🎆,花火 fire ほのお 燃える,&#127878;,&#x1F386;
🌇,ビルに沈む夕陽,&#127751;,&#x1F307;
🌆,夕暮れの街並み,&#127750;,&#x1F306;
🏙,街並み,&#127961;,&#x1F3D9;
🌃,星空 star ほし,&#127747;,&#x1F303;
🌌,天の川,&#127756;,&#x1F30C;
🌉,夜の橋,&#127753;,&#x1F309;
🌁,霧,&#127745;,&#x1F301;
⌚️,腕時計,&#8986;&#65039;,&#x231A;&#xFE0F;
📱,携帯電話,&#128241;,&#x1F4F1;
📲,着信中,&#128242;,&#x1F4F2;
💻,パソコン,&#128187;,&#x1F4BB;
⌨️,キーボード,&#9000;&#65039;,&#x2328;&#xFE0F;
🖥,デスクトップパソコン,&#128421;,&#x1F5A5;
🖨,プリンター,&#128424;,&#x1F5A8;
🖱,3ボタンマウス,&#128433;,&#x1F5B1;
🖲,トラックボール,&#128434;,&#x1F5B2;
🕹,ジョイスティック,&#128377;,&#x1F579;
🗜,圧縮,&#x1F5DC;,&#x1F5DC;
💽,MD,&#128189;,&#x1F4BD;
💾,フロッピーディスク,&#128190;,&#x1F4BE;
💿,CDディスク,&#128191;,&#x1F4BF;
📀,DVD,&#128192;,&#x1F4C0;
📼,ビデオテープ,&#128252;,&#x1F4FC;
📷,カメラ,&#128247;,&#x1F4F7;
📸,フラッシュを焚いたカメラ,&#128248;,&#x1F4F8;
📹,ビデオカメラ,&#128249;,&#x1F4F9;
🎥,ビデオカメラ,&#127909;,&#x1F3A5;
📽,映写機,&#128253;,&#x1F4FD;
🎞,フィルムのフレーム,&#127902;,&#x1F39E;
📞,受話器,&#128222;,&#x1F4DE;
☎,電話,&#9742;,&#x260E;
📟,ポケットベル,&#128223;,&#x1F4DF;
📠,FAX,&#128224;,&#x1F4E0;
📺,テレビ,&#128250;,&#x1F4FA;
📻,ラジオ,&#x1F4FB;,&#x1F4FB;
🎙,スタジオマイク,&#127897;,&#x1F399;
🎚,調節バー,&#127898;,&#x1F39A;
🎛,コントロールノブ,&#127899;,&#x1F39B;
🧭,コンパス,&#129517;,&#x1F9ED;
⏱,ストップウォッチ,&#9201;,&#x23F1;
⏲,タイマー時計,&#9202;,&#x23F2;
⏰,目覚まし時計,&#9200;,&#x23F0;
🕰,置き時計,&#128368;,&#x1F570;
⌛,砂時計,&#8987;,&#x231B;
⏳,砂時計,&#9203;,&#x23F3;
📡,衛生アンテナ,&#128225;,&#x1F4E1;
🔋,電池,&#128267;,&#x1F50B;
🪫,バッテリー残量少,&#129707;,&#x1FAAB;
🔌,コンセント,&#128537;,&#x1F50C;
💡,電球,&#128538;,&#x1F4A1;
🔦,懐中電灯,&#128523;,&#x1F526;
🕯,ろうそく,&#128539;,&#x1F56F;
🪔,ディヤランプ,&#128541;,&#x1FA94;
🧯,消火器 fire ほのお 燃える,&#129519;,&#x1F9EF;
🛢,ドラム缶,&#128738;,&#x1F6E2;
💸,羽の生えたお札,&#128184;,&#x1F4B8;
💵,ドル札,&#128539;,&#128181;
💴,円記号の入った小切手,&#128180;,&#x1F4B4;
💶,ユーロ札,&#128182;,&#x1F4B6;
💷,ポンド札,&#128183;,&#x1F4B7;
🪙,コイン,&#129689;,&#x1FA99;
💰,ドル袋,&#128176;,&#x1F4B0;
💳,クレジットカード,&#128179;,&#x1F4B3;
🪪,身分証明書,&#129706;,&#x1FAAA;
💎,宝石,&#128142;,&#x1F48E;
⚖️,はかり,&#9878;&#65039;,&#x2696;&#xFE0F;
🪜,はしご,&#129692;,&#x1FA9C;
🧰,道具箱,&#129520;,&#x1F9F0;
🪛,ドライバー,&#129691;,&#x1FA9B;
🔧,レンチ,&#128295;,&#x1F527;
🔨,ハンマー,&#128296;,&#x1F528;
⚒,ハンマーとつるはし,&#9874;,&#x2692;
🛠,ハンマーとレンチ,&#128736;,&#x1F6E0;
⛏,つるはし,&#9935;,&#x26CF;
🪏,ショベル (スコップ),&#129679;,&#x1FA8F;
🪚,木工用のこぎり,&#129690;,&#x1FA9A;
🔩,ナットとボルト,&#128297;,&#x1F529;
⚙️,歯車,&#9881;&#65039;,&#x2699;&#xFE0F;
🪤,ネズミ捕り器,&#129700;,&#x1FAA4;
🧱,れんが,&#129521;,&#x1F9F1;
⛓,鎖,&#9939;,&#x26D3;
🧲,磁石,&#129522;,&#x1F9F2;
🔫,水鉄砲 water みず,&#128299;,&#x1F52B;
💣,爆弾,&#128163;,&#x1F4A3;
🧨,爆竹,&#129512;,&#x1F9E8;
🪓,斧,&#129683;,&#x1FA93;
🔪,包丁,&#128298;,&#x1F52A;
🗡,短剣,&#128481;,&#x1F5E1;
⚔️,交差した剣,&#9876;&#65039;,&#x2694;&#xFE0F;
🛡,盾,&#128737;,&#x1F6E1;
🚬,喫煙マーク,&#128684;,&#x1F6AC;
⚰️,棺,&#9904;&#65039;,&#x26B0;&#xFE0F;
🪦,墓石,&#129702;,&#x1FAA6;
🪘,長いドラム,&#129688;,&#x1FA98;
🏺,アンフォラ,&#127994;,&#x1F3FA;
🔮,水晶玉 water みず,&#128302;,&#x1F52E;
📿,数珠状の祈りの道具,&#128255;,&#x1F4FF;
🧿,ナザールのお守り,&#129535;,&#x1F9FF;
🪬,ハムサ,&#129708;,&#x1FAAC;
💈,理髪店の看板柱,&#128136;,&#x1F488;
⚗️,蒸留器,&#9879;&#65039;,&#x2697;&#xFE0F;
🔭,望遠鏡,&#128301;,&#x1F52D;
🔬,顕微鏡,&#128300;,&#x1F52C;
🕳,穴,&#128371;,&#x1F573;
🩻,X線,&#129659;,&#x1FA7B;
🩹,ガーゼ付きばんそうこう,&#129657;,&#x1FA79;
🩺,聴診器,&#129658;,&#x1FA7A;
💊,薬,&#128138;,&#x1F48A;
💉,注射器,&#128137;,&#x1F489;
🩸,血1滴,&#129656;,&#x1FA78;
🧬,DNA,&#129516;,&#x1F9EC;
🦠,微生物,&#129440;,&#x1F9A0;
🧫,ペトリ皿,&#129515;,&#x1F9EB;
🧪,試験管,&#129514;,&#x1F9EA;
🌡,温度計,&#127777;,&#x1F321;
🧹,ほうき,&#129529;,&#x1F9F9;
🪠,プランジャー,&#129696;,&#x1FAA0;
🧺,バスケット,&#129530;,&#x1F9FA;
🧻,ペーパーロール,&#129531;,&#x1F9FB;
🚽,トイレ,&#128701;,&#x1F6BD;
🚰,飲料水 water みず,&#128688;,&#x1F6B0;
🚿,シャワー,&#128703;,&#x1F6BF;
🛁,バスタブ,&#128705;,&#x1F6C1;
🛀,風呂,&#128704;,&#x1F6C0;
🧼,せっけん,&#129532;,&#x1F9FC;
🪥,歯ブラシ,&#129701;,&#x1FAA5;
🪒,カミソリ,&#129682;,&#x1FA92;
🪮,ヘアピック,&#129710;,&#x1FAAE;
🧽,スポンジ,&#129533;,&#x1F9FD;
🪣,バケツ,&#129699;,&#x1FAA3;
🧴,ローションボトル,&#129524;,&#x1F9F4;
🛎,卓上ベル,&#128718;,&#x1F6CE;
🔑,鍵,&#128273;,&#x1F511;
🗝,古い鍵,&#128477;,&#x1F5DD;
🚪,ドア,&#128682;,&#x1F6AA;
🪑,椅子,&#129681;,&#x1FA91;
🛋,ソファーとランプ,&#128715;,&#x1F6CB;
🛏,ベッド,&#128719;,&#x1F6CF;
🛌,宿泊施設,&#128716;,&#x1F6CC;
🧸,テディベア,&#129528;,&#x1F9F8;
🪆,入れ子人形,&#129670;,&#x1FA86;
🖼,額に入った写真,&#128444;,&#x1F5BC;
🪞,鏡,&#129694;,&#x1FA9E;
🪟,窓,&#129695;,&#x1FA9F;
🛍,買い物袋,&#128717;,&#x1F6CD;
🛒,ショッピングカート,&#128722;,&#x1F6D2;
🎁,プレゼント,&#127873;,&#x1F381;
🎈,風船,&#127880;,&#x1F388;
🎏,こいのぼり,&#127887;,&#x1F38F;
🎀,リボン,&#127872;,&#x1F380;
🪄,魔法の杖,&#129668;,&#x1FA84;
🪅,ピニャータ,&#129669;,&#x1FA85;
🎊,くす玉,&#127882;,&#x1F38A;
🎉,クラッカー,&#127881;,&#x1F389;
🎎,ひな祭り,&#127886;,&#x1F38E;
🪭,折り畳み扇子,&#129709;,&#x1FAAD;
🏮,居酒屋の提灯,&#127982;,&#x1F3EE;
🎐,風鈴,&#127888;,&#x1F390;
🪩,ミラーボール,&#129705;,&#x1FAA9;
🧧,赤い封筒,&#129511;,&#x1F9E7;
✉️,封筒,&#9993;&#65039;,&#x2709;&#xFE0F;
📩,メール受信中,&#128233;,&#x1F4E9;
📨,メール受信,&#128232;,&#x1F4E8;
📧,Eメール,&#128231;,&#x1F4E7;
💌,ラブレター,&#128140;,&#x1F48C;
📥,受信トレイ,&#128229;,&#x1F4E5;
📤,送信トレイ,&#128228;,&#x1F4E4;
📦,荷物,&#128230;,&#x1F4E6;
🏷,ラベル,&#127991;,&#x1F3F7;
🪧,プラカード,&#129703;,&#x1FAA7;
📪,旗が下がっていて閉じている状態の郵便受け,&#128234;,&#x1F4EA;
📫,旗が上がっていて閉じている状態の郵便受け,&#128235;,&#x1F4EB;
📬,旗が上がっていて開いている状態の郵便受け,&#128236;,&#x1F4EC;
📭,旗が下がっていて開いている状態の郵便受け,&#128237;,&#x1F4ED;
📮,ポスト,&#128238;,&#x1F4EE;
📯,郵便ラッパ,&#128239;,&#x1F4EF;
📜,巻物,&#128220;,&#x1F4DC;
📃,原稿,&#128195;,&#x1F4C3;
📄,原稿,&#128196;,&#x1F4C4;
📑,ブックマークタブ,&#128209;,&#x1F4D1;
🧾,領収書,&#129534;,&#x1F9FE;
📊,棒グラフ,&#128202;,&#x1F4CA;
📈,上昇するグラフ,&#128200;,&#x1F4C8;
📉,下降するグラフ,&#128201;,&#x1F4C9;
🗒,リングノート,&#128466;,&#x1F5D2;
🗓,リングカレンダー,&#128467;,&#x1F5D3;
📆,日めくりカレンダー,&#128198;,&#x1F4C6;
📅,カレンダー,&#128197;,&#x1F4C5;
🗑,ごみ箱,&#128465;,&#x1F5D1;
📇,名刺フォルダ,&#128199;,&#x1F4C7;
🗃,カードファイル,&#128451;,&#x1F5C3;
🗳,投票用紙と投票箱,&#128499;,&#x1F5F3;
🗄,ファイル収納庫,&#128452;,&#x1F5C4;
📋,クリップボード,&#128203;,&#x1F4CB;
📁,フォルダ,&#128193;,&#x1F4C1;
📂,開いたフォルダ,&#128194;,&#x1F4C2;
🗂,仕切りカード,&#128450;,&#x1F5C2;
🗞,丸めた新聞,&#128478;,&#x1F5DE;
📰,新聞,&#128240;,&#x1F4F0;
📓,ノート,&#128211;,&#x1F4D3;
📔,装飾カバーのノート,&#128212;,&#x1F4D4;
📒,帳簿,&#128210;,&#x1F4D2;
📕,閉じた本,&#128213;,&#x1F4D5;
📗,緑色の本,&#128215;,&#x1F4D7;
📘,青い本,&#128216;,&#x1F4D8;
📙,オレンジ色の本,&#128217;,&#x1F4D9;
📚,書籍,&#128218;,&#x1F4DA;
📖,開いた本,&#128214;,&#x1F4D6;
🔖,ブックマーク,&#128278;,&#x1F516;
🧷,安全ピン,&#129527;,&#x1F9F7;
🔗,リンク,&#128279;,&#x1F517;
📎,クリップ,&#128206;,&#x1F4CE;
🖇,繋がったペーパークリップ,&#128391;,&#x1F587;
📐,三角定規,&#128208;,&#x1F4D0;
📏,定規,&#128207;,&#x1F4CF;
🧮,そろばん,&#129518;,&#x1F9EE;
📌,画鋲,&#128204;,&#x1F4CC;
📍,画鋲,&#128205;,&#x1F4CD;
✂,ハサミ,&#9986;,&#x2702;
🖊,左下向きのボールペン,&#128394;,&#x1F58A;
🖋,左下向きの万年筆,&#128395;,&#x1F58B;
✒️,ペン先,&#10002;&#65039;,&#x1F61A;&#xFE0F;
🖌,左下向きのブラシ,&#128396;,&#x1F58C;
🖍,左下向きのクレヨン,&#128397;,&#x1F58D;
📝,メモ,&#128221;,&#x1F4DD;
✏️,鉛筆,&#9999;&#65039;,&#x270F;&#xFE0F;
🔍,左向き虫眼鏡,&#128269;,&#x1F50D;
🔎,右向き虫眼鏡,&#128270;,&#x1F50E;
🔏,錠前とペン,&#128271;,&#x1F50F;
🔐,コインロッカー,&#128272;,&#x1F510;
🔒,鍵,&#128274;,&#x1F512;
🔓,解錠,&#128275;,&#x1F513;
